group,status,context,original,translation,references
flujo_comun,translated,,"You do not have permissions to perform this action.","No tienes permisos para realizar esta acción.","adminpages/addons.php:4 adminpages/advancedsettings.php:5 adminpages/designsettings.php:4 adminpages/discountcodes.php:5 adminpages/emailsettings.php:5 adminpages/emailtemplates.php:4 adminpages/license.php:4 adminpages/login-csv.php:5 adminpages/login-csv.php:10 adminpages/membershiplevels.php:5 adminpages/memberships-csv.php:5 adminpages/memberships-csv.php:10 adminpages/orders-print.php:12 adminpages/orders-print.php:17 adminpages/orders.php:6 adminpages/pagesettings.php:4 adminpages/paymentsettings.php:5 adminpages/sales-csv.php:4 adminpages/sales-csv.php:9 adminpages/securitysettings.php:5 adminpages/subscriptions.php:6 adminpages/updates.php:5 adminpages/userfields.php:6 includes/email.php:199 includes/email.php:233 includes/email.php:269 includes/email.php:292 includes/services.php:128 includes/services.php:133 includes/services.php:156 includes/services.php:161 includes/services.php:181 includes/services.php:186 includes/updates.php:61"
flujo_comun,translated,,Free,Gratis,"adminpages/addons.php:64 adminpages/addons.php:266 adminpages/addons.php:270 adminpages/functions.php:432 adminpages/membershiplevels.php:490 adminpages/wizard/memberships.php:24 adminpages/wizard/save-steps.php:166 includes/functions.php:351"
stripe,translated,,"Close Popup","Cerrar ventana emergente","adminpages/addons.php:537 adminpages/membershiplevels.php:569 classes/gateways/class.pmprogateway_stripe.php:1806 includes/email-logging.php:644"
stripe,translated,,"The Stripe Gateway requires PHP 5.3.29 or greater. We recommend upgrading to PHP %s or greater. Ask your host to upgrade.","La pasarela de pago de Stripe requiere PHP 5.3.29 o superior. Recomendamos actualizar a PHP %s o superior. Pregunta a tu host para actualizar.","adminpages/admin_header.php:150 classes/gateways/class.pmprogateway_stripe.php:1996"
campos,translated,,No,No,"adminpages/advancedsettings.php:420 adminpages/advancedsettings.php:479 adminpages/advancedsettings.php:606 adminpages/membershiplevels.php:510 adminpages/securitysettings.php:162 adminpages/securitysettings.php:272 adminpages/user-fields/field-settings.php:101 adminpages/user-fields/field-settings.php:109 adminpages/user-fields/field-settings.php:120 adminpages/user-fields/group-settings.php:58 adminpages/user-fields/group-settings.php:67 classes/class-pmpro-field.php:1735 classes/gateways/class.pmprogateway_stripe.php:554 classes/gateways/class.pmprogateway_stripe.php:568 classes/gateways/class.pmprogateway_stripe.php:910 classes/gateways/class.pmprogateway_stripe.php:958 includes/cloudflare-turnstile.php:110 includes/compatibility/beaver-builder.php:54 includes/compatibility/beaver-builder.php:150 includes/compatibility/divi.php:356 includes/recaptcha.php:261"
stripe,translated,,No,No,"adminpages/advancedsettings.php:420 adminpages/advancedsettings.php:479 adminpages/advancedsettings.php:606 adminpages/membershiplevels.php:510 adminpages/securitysettings.php:162 adminpages/securitysettings.php:272 adminpages/user-fields/field-settings.php:101 adminpages/user-fields/field-settings.php:109 adminpages/user-fields/field-settings.php:120 adminpages/user-fields/group-settings.php:58 adminpages/user-fields/group-settings.php:67 classes/class-pmpro-field.php:1735 classes/gateways/class.pmprogateway_stripe.php:554 classes/gateways/class.pmprogateway_stripe.php:568 classes/gateways/class.pmprogateway_stripe.php:910 classes/gateways/class.pmprogateway_stripe.php:958 includes/cloudflare-turnstile.php:110 includes/compatibility/beaver-builder.php:54 includes/compatibility/beaver-builder.php:150 includes/compatibility/divi.php:356 includes/recaptcha.php:261"
campos,translated,,Yes,Sí,"adminpages/advancedsettings.php:480 adminpages/membershiplevels.php:505 adminpages/membershiplevels.php:507 adminpages/securitysettings.php:273 adminpages/user-fields/field-settings.php:102 adminpages/user-fields/field-settings.php:110 adminpages/user-fields/field-settings.php:118 adminpages/user-fields/group-settings.php:57 adminpages/user-fields/group-settings.php:65 classes/class-pmpro-field.php:1735 classes/gateways/class.pmprogateway_stripe.php:556 classes/gateways/class.pmprogateway_stripe.php:570 classes/gateways/class.pmprogateway_stripe.php:912 classes/gateways/class.pmprogateway_stripe.php:960 includes/cloudflare-turnstile.php:111 includes/compatibility/beaver-builder.php:53 includes/compatibility/beaver-builder.php:149 includes/compatibility/divi.php:357"
stripe,translated,,Yes,Sí,"adminpages/advancedsettings.php:480 adminpages/membershiplevels.php:505 adminpages/membershiplevels.php:507 adminpages/securitysettings.php:273 adminpages/user-fields/field-settings.php:102 adminpages/user-fields/field-settings.php:110 adminpages/user-fields/field-settings.php:118 adminpages/user-fields/group-settings.php:57 adminpages/user-fields/group-settings.php:65 classes/class-pmpro-field.php:1735 classes/gateways/class.pmprogateway_stripe.php:556 classes/gateways/class.pmprogateway_stripe.php:570 classes/gateways/class.pmprogateway_stripe.php:912 classes/gateways/class.pmprogateway_stripe.php:960 includes/cloudflare-turnstile.php:111 includes/compatibility/beaver-builder.php:53 includes/compatibility/beaver-builder.php:149 includes/compatibility/divi.php:357"
paginas,translated,,"Expiration Date","Fecha de caducidad","adminpages/discountcodes.php:513 classes/gateways/class.pmprogateway_braintree.php:487 classes/gateways/class.pmprogateway_stripe.php:1405 pages/billing.php:303 pages/checkout.php:495"
stripe,translated,,"Expiration Date","Fecha de caducidad","adminpages/discountcodes.php:513 classes/gateways/class.pmprogateway_braintree.php:487 classes/gateways/class.pmprogateway_stripe.php:1405 pages/billing.php:303 pages/checkout.php:495"
paginas,translated,,"Expires In","Caduca en","adminpages/discountcodes.php:715 adminpages/levels/edit-level.php:570 pages/confirmation.php:127"
paginas,translated,,Cancel,Cancelar,"adminpages/discountcodes.php:750 adminpages/groups/edit-group.php:92 adminpages/levels/edit-level.php:766 adminpages/member-edit/pmpro-class-member-edit-panel-memberships.php:117 adminpages/orders/edit-order.php:388 adminpages/orders/view-order.php:581 adminpages/paymentsettings.php:373 adminpages/subscriptions/edit-subscription.php:102 adminpages/subscriptions/link-subscription.php:111 classes/class-pmpro-field.php:1239 classes/email-templates/class-pmpro-email-template-cancel.php:53 includes/avatars.php:921 includes/avatars.php:1215 includes/avatars.php:1244 includes/profile.php:1165 includes/profile.php:1312 pages/billing.php:356 pages/billing.php:459 pages/cancel.php:153 shortcodes/pmpro_account.php:285"
campos,translated,,Cancel,Cancelar,"adminpages/discountcodes.php:750 adminpages/groups/edit-group.php:92 adminpages/levels/edit-level.php:766 adminpages/member-edit/pmpro-class-member-edit-panel-memberships.php:117 adminpages/orders/edit-order.php:388 adminpages/orders/view-order.php:581 adminpages/paymentsettings.php:373 adminpages/subscriptions/edit-subscription.php:102 adminpages/subscriptions/link-subscription.php:111 classes/class-pmpro-field.php:1239 classes/email-templates/class-pmpro-email-template-cancel.php:53 includes/avatars.php:921 includes/avatars.php:1215 includes/avatars.php:1244 includes/profile.php:1165 includes/profile.php:1312 pages/billing.php:356 pages/billing.php:459 pages/cancel.php:153 shortcodes/pmpro_account.php:285"
emails,translated,,Cancel,Cancelar,"adminpages/discountcodes.php:750 adminpages/groups/edit-group.php:92 adminpages/levels/edit-level.php:766 adminpages/member-edit/pmpro-class-member-edit-panel-memberships.php:117 adminpages/orders/edit-order.php:388 adminpages/orders/view-order.php:581 adminpages/paymentsettings.php:373 adminpages/subscriptions/edit-subscription.php:102 adminpages/subscriptions/link-subscription.php:111 classes/class-pmpro-field.php:1239 classes/email-templates/class-pmpro-email-template-cancel.php:53 includes/avatars.php:921 includes/avatars.php:1215 includes/avatars.php:1244 includes/profile.php:1165 includes/profile.php:1312 pages/billing.php:356 pages/billing.php:459 pages/cancel.php:153 shortcodes/pmpro_account.php:285"
paginas,translated,,Username,"Nombre de usuario","adminpages/emailtemplates-edit.php:26 adminpages/member-edit/pmpro-class-member-edit-panel-user-info.php:101 adminpages/metaboxes/recent-members.php:58 classes/class-pmpro-members-list-table.php:133 classes/class-pmpro-subscription.php:1221 pages/checkout.php:253 pages/confirmation.php:111 shortcodes/pmpro_account.php:81"
paginas,translated,,Status,Estado,"adminpages/emailtemplates-edit.php:133 adminpages/emailtemplates.php:43 adminpages/emailtemplates.php:167 adminpages/member-edit/pmpro-class-member-edit-panel-email-log.php:63 adminpages/member-edit/pmpro-class-member-edit-panel-email-log.php:100 adminpages/member-edit/pmpro-class-member-edit-panel-memberships.php:626 adminpages/member-edit/pmpro-class-member-edit-panel-orders.php:45 adminpages/metaboxes/recent-orders.php:34 adminpages/orders/edit-order.php:254 adminpages/paymentsettings.php:185 adminpages/reports/email_log.php:99 adminpages/reports/email_log.php:352 adminpages/reports/email_log.php:386 adminpages/reports/email_log.php:441 adminpages/securitysettings.php:212 adminpages/templates/orders-print.php:74 classes/class-pmpro-orders-list-table.php:158 classes/class-pmpro-orders-list-table.php:633 classes/class-pmpro-subscriptions-list-table.php:149 classes/class-pmpro-subscriptions-list-table.php:429 classes/gateways/class.pmprogateway_stripe.php:507 classes/gateways/class.pmprogateway_stripe.php:843 classes/gateways/class.pmprogateway_stripe.php:3012 includes/email-logging.php:569 includes/privacy.php:242 includes/privacy.php:349 includes/profile.php:721 includes/profile.php:840 includes/profile.php:887 pages/invoice.php:409 pages/invoice.php:440 shortcodes/pmpro_account.php:363 shortcodes/pmpro_account.php:402"
stripe,translated,,Status,Estado,"adminpages/emailtemplates-edit.php:133 adminpages/emailtemplates.php:43 adminpages/emailtemplates.php:167 adminpages/member-edit/pmpro-class-member-edit-panel-email-log.php:63 adminpages/member-edit/pmpro-class-member-edit-panel-email-log.php:100 adminpages/member-edit/pmpro-class-member-edit-panel-memberships.php:626 adminpages/member-edit/pmpro-class-member-edit-panel-orders.php:45 adminpages/metaboxes/recent-orders.php:34 adminpages/orders/edit-order.php:254 adminpages/paymentsettings.php:185 adminpages/reports/email_log.php:99 adminpages/reports/email_log.php:352 adminpages/reports/email_log.php:386 adminpages/reports/email_log.php:441 adminpages/securitysettings.php:212 adminpages/templates/orders-print.php:74 classes/class-pmpro-orders-list-table.php:158 classes/class-pmpro-orders-list-table.php:633 classes/class-pmpro-subscriptions-list-table.php:149 classes/class-pmpro-subscriptions-list-table.php:429 classes/gateways/class.pmprogateway_stripe.php:507 classes/gateways/class.pmprogateway_stripe.php:843 classes/gateways/class.pmprogateway_stripe.php:3012 includes/email-logging.php:569 includes/privacy.php:242 includes/privacy.php:349 includes/profile.php:721 includes/profile.php:840 includes/profile.php:887 pages/invoice.php:409 pages/invoice.php:440 shortcodes/pmpro_account.php:363 shortcodes/pmpro_account.php:402"
paginas,translated,,&#8212;,&#8212;,"adminpages/emailtemplates.php:141 adminpages/emailtemplates.php:152 adminpages/emailtemplates.php:158 adminpages/emailtemplates.php:164 adminpages/member-edit/pmpro-class-member-edit-panel-email-log.php:97 adminpages/member-edit/pmpro-class-member-edit-panel-memberships.php:650 adminpages/member-edit/pmpro-class-member-edit-panel-orders.php:98 adminpages/member-edit/pmpro-class-member-edit-panel-orders.php:144 adminpages/member-edit/pmpro-class-member-edit-panel-orders.php:151 adminpages/member-edit/pmpro-class-member-edit-panel-subscriptions.php:138 adminpages/membershiplevels.php:497 adminpages/orders/view-order.php:81 adminpages/paymentsettings.php:213 adminpages/paymentsettings.php:235 adminpages/paymentsettings.php:245 adminpages/paymentsettings.php:248 adminpages/reports/email_log.php:120 adminpages/reports/email_log.php:152 adminpages/reports/email_log.php:426 adminpages/subscriptions/view-subscription.php:67 adminpages/subscriptions/view-subscription.php:110 adminpages/subscriptions/view-subscription.php:120 classes/class-pmpro-orders-list-table.php:1104 classes/class-pmpro-orders-list-table.php:1165 classes/class-pmpro-orders-list-table.php:1194 classes/class-pmpro-orders-list-table.php:1232 classes/class-pmpro-subscriptions-list-table.php:590 classes/class-pmpro-subscriptions-list-table.php:710 classes/class-pmpro-subscriptions-list-table.php:734 classes/class-pmpro-subscriptions-list-table.php:751 classes/gateways/class.pmprogateway.php:344 includes/profile.php:772 includes/profile.php:779 includes/profile.php:789 pages/invoice.php:155"
paginas,translated,,Description,Descripción,"adminpages/levels/edit-level.php:260 adminpages/orders/view-order.php:197 adminpages/orders/view-order.php:203 adminpages/paymentsettings.php:188 adminpages/templates/orders-print.php:173 pages/invoice.php:308 pages/invoice.php:314"
paginas,translated,,Date,Fecha,"adminpages/member-edit/pmpro-class-member-edit-panel-email-log.php:59 adminpages/member-edit/pmpro-class-member-edit-panel-email-log.php:69 adminpages/member-edit/pmpro-class-member-edit-panel-orders.php:39 adminpages/metaboxes/recent-orders.php:35 adminpages/orders/edit-order.php:29 adminpages/reports/email_log.php:381 adminpages/reports/email_log.php:394 adminpages/reports/memberships.php:523 adminpages/reports/sales.php:931 adminpages/user-fields/field-settings.php:92 classes/class-pmpro-orders-list-table.php:159 classes/class-pmpro-orders-list-table.php:644 includes/privacy.php:391 includes/profile.php:716 includes/profile.php:833 pages/invoice.php:406 pages/invoice.php:435 shortcodes/pmpro_account.php:360 shortcodes/pmpro_account.php:397"
flujo_comun,translated,,"%1$s at %2$s","%1$s a las %2$s","adminpages/member-edit/pmpro-class-member-edit-panel-email-log.php:73 adminpages/member-edit/pmpro-class-member-edit-panel-orders.php:60 adminpages/member-edit/pmpro-class-member-edit-panel-subscriptions.php:202 adminpages/member-edit/pmpro-class-member-edit-panel-subscriptions.php:241 adminpages/orders/view-order.php:55 adminpages/reports/email_log.php:127 adminpages/reports/email_log.php:160 adminpages/reports/email_log.php:398 adminpages/subscriptions/view-subscription.php:80 adminpages/subscriptions/view-subscription.php:92 adminpages/subscriptions/view-subscription.php:106 classes/class-pmpro-orders-list-table.php:1273 classes/class-pmpro-subscriptions-list-table.php:684 classes/class-pmpro-subscriptions-list-table.php:704 classes/class-pmpro-subscriptions-list-table.php:728 includes/email-logging.php:592 includes/functions.php:686 includes/profile.php:69 includes/profile.php:735"
paginas,translated,,Level,Nivel,"adminpages/member-edit/pmpro-class-member-edit-panel-memberships.php:84 adminpages/member-edit/pmpro-class-member-edit-panel-memberships.php:621 adminpages/member-edit/pmpro-class-member-edit-panel-orders.php:41 adminpages/member-edit/pmpro-class-member-edit-panel-subscriptions.php:102 adminpages/metaboxes/recent-members.php:59 adminpages/metaboxes/recent-orders.php:32 adminpages/reports/logins.php:208 adminpages/reports/members-per-level.php:132 classes/class-pmpro-members-list-table.php:139 classes/class-pmpro-orders-list-table.php:153 classes/class-pmpro-orders-list-table.php:622 classes/class-pmpro-subscriptions-list-table.php:146 classes/class-pmpro-subscriptions-list-table.php:418 includes/privacy.php:281 includes/profile.php:48 includes/profile.php:312 includes/profile.php:718 includes/profile.php:835 includes/profile.php:882 pages/billing.php:74 pages/billing.php:535 pages/cancel.php:134 pages/cancel.php:144 pages/invoice.php:407 pages/invoice.php:436 pages/levels.php:76 pages/levels.php:98 shortcodes/pmpro_account.php:361 shortcodes/pmpro_account.php:398"
paginas,translated,,Expiration,Caducidad,"adminpages/member-edit/pmpro-class-member-edit-panel-memberships.php:85 adminpages/membershiplevels.php:373 adminpages/orders/edit-order.php:244 includes/profile.php:49 includes/profile.php:313 pages/cancel.php:135 pages/cancel.php:147"
paginas,translated,,Subscription,Suscripción,"adminpages/member-edit/pmpro-class-member-edit-panel-memberships.php:86 adminpages/member-edit/pmpro-class-member-edit-panel-orders.php:44 classes/class-pmpro-members-list-table.php:141 classes/class-pmpro-subscription.php:1223 includes/profile.php:50 includes/profile.php:245 includes/profile.php:314 pages/billing.php:78 pages/billing.php:400 shortcodes/pmpro_account.php:193"
paginas,translated,,N/A,N/A,"adminpages/member-edit/pmpro-class-member-edit-panel-memberships.php:641 adminpages/member-edit/pmpro-class-member-edit-panel-memberships.php:642 adminpages/member-edit/pmpro-class-member-edit-panel-memberships.php:643 adminpages/member-edit/pmpro-class-member-edit-panel-tos.php:36 adminpages/orders/view-order.php:290 adminpages/orders/view-order.php:295 adminpages/pagesettings.php:647 adminpages/pagesettings.php:657 classes/class-pmpro-exports.php:1257 classes/class-pmpro-exports.php:1258 classes/gateways/class.pmprogateway_stripe.php:488 classes/gateways/class.pmprogateway_stripe.php:824 includes/profile.php:851 includes/profile.php:902 includes/profile.php:903 includes/profile.php:904 pages/billing.php:559 pages/invoice.php:436 shortcodes/pmpro_account.php:398"
stripe,translated,,N/A,N/A,"adminpages/member-edit/pmpro-class-member-edit-panel-memberships.php:641 adminpages/member-edit/pmpro-class-member-edit-panel-memberships.php:642 adminpages/member-edit/pmpro-class-member-edit-panel-memberships.php:643 adminpages/member-edit/pmpro-class-member-edit-panel-tos.php:36 adminpages/orders/view-order.php:290 adminpages/orders/view-order.php:295 adminpages/pagesettings.php:647 adminpages/pagesettings.php:657 classes/class-pmpro-exports.php:1257 classes/class-pmpro-exports.php:1258 classes/gateways/class.pmprogateway_stripe.php:488 classes/gateways/class.pmprogateway_stripe.php:824 includes/profile.php:851 includes/profile.php:902 includes/profile.php:903 includes/profile.php:904 pages/billing.php:559 pages/invoice.php:436 shortcodes/pmpro_account.php:398"
paginas,translated,,Total,Total,"adminpages/member-edit/pmpro-class-member-edit-panel-orders.php:42 adminpages/metaboxes/recent-orders.php:33 adminpages/orders/edit-order.php:215 adminpages/orders/view-order.php:152 adminpages/reports/email_log.php:100 adminpages/reports/memberships.php:551 adminpages/reports/sales.php:932 adminpages/reports/sales.php:954 classes/class-pmpro-orders-list-table.php:154 classes/class-pmpro-orders-list-table.php:693 includes/functions.php:3494 includes/privacy.php:325 includes/profile.php:719 pages/invoice.php:269 pages/invoice.php:408 shortcodes/pmpro_account.php:362"
flujo_comun,translated,,Total,Total,"adminpages/member-edit/pmpro-class-member-edit-panel-orders.php:42 adminpages/metaboxes/recent-orders.php:33 adminpages/orders/edit-order.php:215 adminpages/orders/view-order.php:152 adminpages/reports/email_log.php:100 adminpages/reports/memberships.php:551 adminpages/reports/sales.php:932 adminpages/reports/sales.php:954 classes/class-pmpro-orders-list-table.php:154 classes/class-pmpro-orders-list-table.php:693 includes/functions.php:3494 includes/privacy.php:325 includes/profile.php:719 pages/invoice.php:269 pages/invoice.php:408 shortcodes/pmpro_account.php:362"
paginas,translated,,Email,"Correo electrónico","adminpages/member-edit/pmpro-class-member-edit-panel-orders.php:86 classes/class-pmpro-members-list-table.php:138 classes/class-pmpro-orders-list-table.php:971 includes/profile.php:760 includes/profile.php:1118 includes/rest-api.php:1640 pages/confirmation.php:112 shortcodes/pmpro_account.php:82"
paginas,translated,,Paid,Pagado,"adminpages/member-edit/pmpro-class-member-edit-panel-orders.php:155 adminpages/orders/view-order.php:27 classes/class-pmpro-orders-list-table.php:408 classes/class-pmpro-orders-list-table.php:1253 includes/profile.php:793 pages/invoice.php:104 pages/invoice.php:423 shortcodes/pmpro_account.php:383"
paginas,translated,,Ended,Finalizado,"adminpages/member-edit/pmpro-class-member-edit-panel-subscriptions.php:106 adminpages/subscriptions/view-subscription.php:101 classes/class-pmpro-members-list-table.php:154 classes/class-pmpro-subscriptions-list-table.php:152 includes/profile.php:839 pages/billing.php:536"
paginas,translated,,"First Name",Nombre,"adminpages/member-edit/pmpro-class-member-edit-panel-user-info.php:119 classes/class-pmpro-members-list-table.php:135 includes/profile.php:1115 pages/billing.php:187 pages/checkout.php:389"
paginas,translated,,"Last Name",Apellidos,"adminpages/member-edit/pmpro-class-member-edit-panel-user-info.php:123 classes/class-pmpro-members-list-table.php:136 includes/profile.php:1116 pages/billing.php:191 pages/checkout.php:393"
paginas,translated,,Password,Contraseña,"adminpages/member-edit/pmpro-class-member-edit-panel-user-info.php:133 classes/gateways/class.pmprogateway_payflowpro.php:140 pages/checkout.php:272"
paginas,translated,,"Confirm Password","Confirma tu contraseña","adminpages/member-edit/pmpro-class-member-edit-panel-user-info.php:154 pages/checkout.php:287"
campos,translated,,Delete,Borrar,"adminpages/membershiplevels.php:456 adminpages/membershiplevels.php:458 adminpages/reports/email_log.php:409 adminpages/user-fields/field-settings.php:58 classes/class-pmpro-discount-code-list-table.php:429 classes/class-pmpro-discount-code-list-table.php:431 classes/class-pmpro-field.php:1233 classes/class-pmpro-orders-list-table.php:937 includes/avatars.php:919 includes/avatars.php:1213"
emails,translated,,User,Usuario,"adminpages/metaboxes/recent-orders.php:31 adminpages/reports/email_log.php:385 adminpages/reports/email_log.php:429 adminpages/reports/logins.php:207 classes/class-pmpro-orders-list-table.php:152 classes/class-pmpro-subscriptions-list-table.php:145 classes/class.pmproemail.php:171 classes/gateways/class.pmprogateway_payflowpro.php:132"
paginas,translated,,"No orders found.","No se han encontrado pedidos.","adminpages/metaboxes/recent-orders.php:42 classes/class-pmpro-orders-list-table.php:264 pages/invoice.php:451"
flujo_comun,translated,,"View Membership Levels","Ver niveles de membresía","adminpages/metaboxes/welcome.php:36 includes/functions.php:2380"
paginas,translated,,"Billing Address","Dirección de facturación","adminpages/orders/edit-order.php:108 pages/billing.php:183 pages/checkout.php:385"
paginas,translated,,"Payment Information","Información de pago","adminpages/orders/edit-order.php:168 classes/gateways/class.pmprogateway_braintree.php:454 classes/gateways/class.pmprogateway_stripe.php:1381 pages/billing.php:157 pages/billing.php:271 pages/checkout.php:485"
stripe,translated,,"Payment Information","Información de pago","adminpages/orders/edit-order.php:168 classes/gateways/class.pmprogateway_braintree.php:454 classes/gateways/class.pmprogateway_stripe.php:1381 pages/billing.php:157 pages/billing.php:271 pages/checkout.php:485"
paginas,translated,,"Discount Code","Código de descuento","adminpages/orders/edit-order.php:191 adminpages/orders/view-order.php:262 classes/class-pmpro-orders-list-table.php:668 classes/email-templates/class-pmpro-email-template-checkout-check-admin.php:163 classes/email-templates/class-pmpro-email-template-checkout-check.php:192 classes/email-templates/class-pmpro-email-template-checkout-free-admin.php:184 classes/email-templates/class-pmpro-email-template-checkout-free.php:182 classes/email-templates/class-pmpro-email-template-checkout-paid-admin.php:170 classes/email-templates/class-pmpro-email-template-checkout-paid.php:174 classes/email-templates/class-pmpro-email-template-invoice.php:192 classes/email-templates/class-pmpro-email-template-invoice.php:194 classes/gateways/class.pmprogateway_braintree.php:528 classes/gateways/class.pmprogateway_stripe.php:1420 includes/profile.php:720 pages/checkout.php:197 pages/checkout.php:200 pages/checkout.php:536 pages/invoice.php:373"
stripe,translated,,"Discount Code","Código de descuento","adminpages/orders/edit-order.php:191 adminpages/orders/view-order.php:262 classes/class-pmpro-orders-list-table.php:668 classes/email-templates/class-pmpro-email-template-checkout-check-admin.php:163 classes/email-templates/class-pmpro-email-template-checkout-check.php:192 classes/email-templates/class-pmpro-email-template-checkout-free-admin.php:184 classes/email-templates/class-pmpro-email-template-checkout-free.php:182 classes/email-templates/class-pmpro-email-template-checkout-paid-admin.php:170 classes/email-templates/class-pmpro-email-template-checkout-paid.php:174 classes/email-templates/class-pmpro-email-template-invoice.php:192 classes/email-templates/class-pmpro-email-template-invoice.php:194 classes/gateways/class.pmprogateway_braintree.php:528 classes/gateways/class.pmprogateway_stripe.php:1420 includes/profile.php:720 pages/checkout.php:197 pages/checkout.php:200 pages/checkout.php:536 pages/invoice.php:373"
emails,translated,,"Discount Code","Código de descuento","adminpages/orders/edit-order.php:191 adminpages/orders/view-order.php:262 classes/class-pmpro-orders-list-table.php:668 classes/email-templates/class-pmpro-email-template-checkout-check-admin.php:163 classes/email-templates/class-pmpro-email-template-checkout-check.php:192 classes/email-templates/class-pmpro-email-template-checkout-free-admin.php:184 classes/email-templates/class-pmpro-email-template-checkout-free.php:182 classes/email-templates/class-pmpro-email-template-checkout-paid-admin.php:170 classes/email-templates/class-pmpro-email-template-checkout-paid.php:174 classes/email-templates/class-pmpro-email-template-invoice.php:192 classes/email-templates/class-pmpro-email-template-invoice.php:194 classes/gateways/class.pmprogateway_braintree.php:528 classes/gateways/class.pmprogateway_stripe.php:1420 includes/profile.php:720 pages/checkout.php:197 pages/checkout.php:200 pages/checkout.php:536 pages/invoice.php:373"
flujo_comun,translated,,Tax,Impuesto,"adminpages/orders/edit-order.php:209 includes/functions.php:3473 includes/privacy.php:321"
paginas,translated,,"Order date","Fecha del pedido","adminpages/orders/view-order.php:52 adminpages/templates/orders-print.php:86 pages/invoice.php:131"
paginas,translated,,"Payment method","Método de pago","adminpages/orders/view-order.php:64 adminpages/orders/view-order.php:70 adminpages/orders/view-order.php:75 adminpages/orders/view-order.php:80 adminpages/templates/orders-print.php:94 adminpages/templates/orders-print.php:102 pages/invoice.php:138 pages/invoice.php:144 pages/invoice.php:149 pages/invoice.php:154"
paginas,translated,,"ending in","terminado en","adminpages/orders/view-order.php:65 adminpages/templates/orders-print.php:95 pages/invoice.php:139"
paginas,translated,,"Pay to","Pagar a","adminpages/orders/view-order.php:102 adminpages/templates/orders-print.php:126 pages/invoice.php:176"
paginas,translated,,"Bill to","Facturar a","adminpages/orders/view-order.php:107 adminpages/templates/orders-print.php:131 pages/invoice.php:181"
paginas,translated,,Refunded,Reembolsado,"adminpages/orders/view-order.php:157 adminpages/templates/orders-print.php:226 classes/class-pmpro-orders-list-table.php:410 pages/invoice.php:107 pages/invoice.php:274 pages/invoice.php:430 shortcodes/pmpro_account.php:390"
paginas,translated,,"Level ID %s","ID de nivel %s","adminpages/orders/view-order.php:172 pages/invoice.php:282"
paginas,translated,,"%1$s paid on %2$s","%1$s pagado el %2$s","adminpages/orders/view-order.php:183 pages/invoice.php:294"
paginas,translated,,Amount,Cantidad,"adminpages/orders/view-order.php:198 adminpages/orders/view-order.php:238 adminpages/templates/orders-print.php:174 pages/invoice.php:309 pages/invoice.php:349 pages/invoice.php:437 shortcodes/pmpro_account.php:399"
paginas,translated,,"%1$s for order #%2$s","%1$s para el pedido #%2$s","adminpages/orders/view-order.php:208 adminpages/templates/orders-print.php:185 pages/invoice.php:319"
paginas,translated,,"Account: %1$s (%2$s)","Cuenta: %1$s (%2$s)","adminpages/orders/view-order.php:219 adminpages/templates/orders-print.php:196 pages/invoice.php:330"
paginas,translated,,"%1$s to %2$s","%1$s a %2$s","adminpages/orders/view-order.php:232 adminpages/templates/orders-print.php:209 pages/invoice.php:343"
paginas,translated,,"Print or Save as PDF","Imprimir o guardar como PDF","adminpages/orders/view-order.php:420 pages/invoice.php:36"
flujo_comun,translated,,"Log In",Acceder,"adminpages/pagesettings.php:135 adminpages/wizard/save-steps.php:67 includes/login.php:508 includes/login.php:855 includes/menus.php:66 includes/menus.php:70 includes/menus.php:160"
paginas,translated,,Action,Acción,"adminpages/pagesettings.php:617 pages/levels.php:78"
stripe,translated,,"Learn More","Obtener más información","adminpages/paymentsettings.php:359 classes/gateways/class.pmprogateway_stripe.php:2966 classes/gateways/class.pmprogateway_stripe.php:3115"
emails,translated,,"All Levels","Todos los niveles","adminpages/reports/logins.php:175 adminpages/reports/memberships.php:370 adminpages/reports/sales.php:691 classes/class-pmpro-members-list-table.php:792 classes/class-pmpro-orders-list-table.php:624 classes/class-pmpro-subscriptions-list-table.php:420 classes/email-templates/class-pmpro-email-template-cancel-admin.php:164 classes/email-templates/class-pmpro-email-template-cancel.php:156"
paginas,translated,,Expires,Caduca,"adminpages/reports/logins.php:210 classes/class-pmpro-discount-code-list-table.php:138 includes/profile.php:235 pages/billing.php:414 shortcodes/pmpro_account.php:207"
flujo_comun,translated,,Week,Semana,"adminpages/reports/logins.php:221 adminpages/wizard/memberships.php:55 includes/localization.php:36"
flujo_comun,missing,,"PMPro Max",,"adminpages/securitysettings.php:360 includes/email.php:695"
paginas,translated,,"Membership Level","Nivel de membresía","adminpages/subscriptions/edit-subscription.php:33 adminpages/subscriptions/link-subscription.php:36 adminpages/subscriptions/view-subscription.php:55 includes/init.php:229 pages/confirmation.php:114 blocks/build/checkout-page/index.js:1 blocks/src/checkout-page/edit.js:42"
paginas,translated,,Price,Precio,"adminpages/templates/orders-email.php:51 pages/levels.php:77 pages/levels.php:99"
paginas,translated,,"Order #%s","Pedido #%s","adminpages/templates/orders-print.php:72 pages/invoice.php:98"
flujo_comun,translated,,Day,Día,"adminpages/wizard/memberships.php:54 includes/localization.php:34"
flujo_comun,translated,,Month,Mes,"adminpages/wizard/memberships.php:56 includes/localization.php:38"
flujo_comun,translated,,Year,Año,"adminpages/wizard/memberships.php:57 includes/localization.php:40"
stripe,translated,,Stripe,Stripe,"adminpages/wizard/payments.php:30 classes/gateways/class.pmprogateway_stripe.php:219 paid-memberships-pro.php:257"
campos,translated,,"More Information","Más información","classes/class-pmpro-field-group.php:80 includes/fields.php:1013"
flujo_comun,translated,,"Required Field","Campo obligatorio","classes/class-pmpro-field-group.php:487 classes/class-pmpro-field.php:1600 includes/login.php:671 includes/login.php:816 includes/login.php:828 includes/profile.php:1279 includes/profile.php:1292 includes/profile.php:1299"
campos,translated,,"Required Field","Campo obligatorio","classes/class-pmpro-field-group.php:487 classes/class-pmpro-field.php:1600 includes/login.php:671 includes/login.php:816 includes/login.php:828 includes/profile.php:1279 includes/profile.php:1292 includes/profile.php:1299"
campos,missing,,"The property %s is not valid for the field type %s.",,classes/class-pmpro-field.php:302
campos,missing,,"The property %s does not exist.",,classes/class-pmpro-field.php:306
campos,missing,,"PMPro_Field properties should not be modified directly and may break in a future version. Instead, create a new PMPro_Field object.",,classes/class-pmpro-field.php:321
campos,missing,,"The method %s of PMPro_Field has become private and will not be available in a future version. Instead, use the $args property of the constructor when creating a new PMPro_Field object.",,classes/class-pmpro-field.php:344
campos,missing,,"The method %s of PMPro_Field has become private and will not be available in a future version. Instead, use the save_field_for_user method of the PMPro_Field object.",,classes/class-pmpro-field.php:349
campos,missing,,"The method %s of PMPro_Field has become private and will not be available in a future version. Instead, use the display() method of the PMPro_Field object.",,classes/class-pmpro-field.php:353
campos,missing,,"The method %s of PMPro_Field has become private and will not be available in a future version.",,classes/class-pmpro-field.php:356
campos,translated,,"- choose one -","- elige uno -",classes/class-pmpro-field.php:538
campos,translated,,"Error uploading file. Too many files with the same name.","Error al subir el archivo. Hay demasiados archivos con el mismo nombre.",classes/class-pmpro-field.php:864
campos,translated,,"Sorry, the file %s was not uploaded.","Lo siento, el archivo %s no se ha subido.",classes/class-pmpro-field.php:880
campos,translated,,"Choose one or more.","Elige uno o más.",classes/class-pmpro-field.php:1072
campos,translated,,"Current File: %s","Archivo actual: %s","classes/class-pmpro-field.php:1221 classes/class-pmpro-field.php:1223 includes/avatars.php:892 includes/avatars.php:906 includes/avatars.php:1189 includes/avatars.php:1203"
campos,translated,,Replace,Reemplazar,"classes/class-pmpro-field.php:1238 includes/avatars.php:920 includes/avatars.php:1214"
campos,missing,,"No file uploaded.",,classes/class-pmpro-field.php:1768
campos,missing,,"Invalid file data.",,classes/class-pmpro-field.php:1770
paginas,translated,,Pending,Pendiente,"classes/class-pmpro-orders-list-table.php:413 pages/confirmation.php:115 pages/invoice.php:427 shortcodes/pmpro_account.php:387"
emails,translated,,Refund,Reembolso,"classes/class-pmpro-orders-list-table.php:1016 classes/email-templates/class-pmpro-email-template-refund.php:50"
emails,translated,,"An Email From %s","Un correo electrónico de %s",classes/class.pmproemail.php:120
emails,missing,,"The pmpro_kses callback is not hooked to pmpro_email_body. Email sanitization is required for security. Use the pmpro_kses filter hook to customize allowed HTML. In a future version of Paid Memberships Pro, pmpro_kses will be called unconditionally.",,classes/class.pmproemail.php:329
emails,translated,,"The $old_level_id parameter should be an integer, not an array.","El parámetro $old_level_id debe ser un número entero, no un array.","classes/class.pmproemail.php:437 classes/class.pmproemail.php:461"
emails,translated,,"The $level_id parameter should be an integer, not an array.","El parámetro $level_id debe ser un número entero, no un array.","classes/class.pmproemail.php:484 classes/class.pmproemail.php:507"
emails,translated,,"The $user parameter should be a WP_User object.","El parámetro $user debe ser un objeto WP_User.","classes/class.pmproemail.php:489 classes/class.pmproemail.php:512"
emails,translated,,"Your trial at %s is ending soon","Tu periodo de prueba en %s termina pronto",classes/class.pmproemail.php:829
emails,translated,,"Admin Change (admin)","Cambio del administrador (administrador)",classes/email-templates/class-pmpro-email-template-admin-change-admin.php:42
emails,translated,,"The site administrator can manually update a user's membership level through the WordPress admin. This email notifies the site administrator of the level update.","El administrador del sitio puede actualizar manualmente el nivel de membresía de un usuario a través de la administración de WordPress. Este correo electrónico avisa al administración del sitio de la actualización de nivel.",classes/email-templates/class-pmpro-email-template-admin-change-admin.php:53
emails,missing,,"Membership for {{ display_name }} at {{ sitename }} has been changed",,classes/email-templates/class-pmpro-email-template-admin-change-admin.php:64
emails,missing,,"<p>An administrator at {{ sitename }} has changed a membership level for {{ display_name }}.</p>

<p>{{ membership_change }}</p>

<p>Log in to your WordPress admin here: {{ login_url }}</p>",,classes/email-templates/class-pmpro-email-template-admin-change-admin.php:75
emails,translated,,"The user's membership has been cancelled.","La membresía del usuario ha sido cancelada.",classes/email-templates/class-pmpro-email-template-admin-change-admin.php:93
emails,translated,,"You can view the user's current memberships from their Edit Member page.","Puedes ver las membresías actuales del usuario desde su página de edición de miembro.",classes/email-templates/class-pmpro-email-template-admin-change-admin.php:95
emails,missing,,"The display name of the user.",,"classes/email-templates/class-pmpro-email-template-admin-change-admin.php:118 classes/email-templates/class-pmpro-email-template-admin-change.php:120 classes/email-templates/class-pmpro-email-template-billing-admin.php:104 classes/email-templates/class-pmpro-email-template-billing-failure-admin.php:126 classes/email-templates/class-pmpro-email-template-billing-failure.php:125 classes/email-templates/class-pmpro-email-template-billing.php:112 classes/email-templates/class-pmpro-email-template-cancel-admin.php:109 classes/email-templates/class-pmpro-email-template-cancel-on-next-payment-date-admin.php:129 classes/email-templates/class-pmpro-email-template-cancel-on-next-payment-date.php:102 classes/email-templates/class-pmpro-email-template-cancel.php:104 classes/email-templates/class-pmpro-email-template-checkout-check-admin.php:223 classes/email-templates/class-pmpro-email-template-checkout-check.php:142 classes/email-templates/class-pmpro-email-template-checkout-free-admin.php:135 classes/email-templates/class-pmpro-email-template-checkout-free.php:133 classes/email-templates/class-pmpro-email-template-checkout-paid-admin.php:231 classes/email-templates/class-pmpro-email-template-checkout-paid.php:235 classes/email-templates/class-pmpro-email-template-credit-card-expiring.php:138 classes/email-templates/class-pmpro-email-template-invoice.php:139 classes/email-templates/class-pmpro-email-template-membership-expired.php:124 classes/email-templates/class-pmpro-email-template-membership-expiring.php:124 classes/email-templates/class-pmpro-email-template-membership-recurring.php:121 classes/email-templates/class-pmpro-email-template-payment-action-admin.php:128 classes/email-templates/class-pmpro-email-template-payment-action.php:122 classes/email-templates/class-pmpro-email-template-refund-admin.php:105 classes/email-templates/class-pmpro-email-template-refund.php:108"
emails,missing,,"The username of the user.",,"classes/email-templates/class-pmpro-email-template-admin-change-admin.php:119 classes/email-templates/class-pmpro-email-template-admin-change.php:121 classes/email-templates/class-pmpro-email-template-billing-admin.php:105 classes/email-templates/class-pmpro-email-template-billing-failure-admin.php:127 classes/email-templates/class-pmpro-email-template-billing-failure.php:126 classes/email-templates/class-pmpro-email-template-billing.php:113 classes/email-templates/class-pmpro-email-template-cancel-admin.php:110 classes/email-templates/class-pmpro-email-template-cancel-on-next-payment-date-admin.php:130 classes/email-templates/class-pmpro-email-template-cancel-on-next-payment-date.php:103 classes/email-templates/class-pmpro-email-template-cancel.php:105 classes/email-templates/class-pmpro-email-template-checkout-check-admin.php:224 classes/email-templates/class-pmpro-email-template-checkout-check.php:143 classes/email-templates/class-pmpro-email-template-checkout-free-admin.php:136 classes/email-templates/class-pmpro-email-template-checkout-free.php:134 classes/email-templates/class-pmpro-email-template-checkout-paid-admin.php:232 classes/email-templates/class-pmpro-email-template-checkout-paid.php:236 classes/email-templates/class-pmpro-email-template-credit-card-expiring.php:139 classes/email-templates/class-pmpro-email-template-invoice.php:140 classes/email-templates/class-pmpro-email-template-membership-expired.php:125 classes/email-templates/class-pmpro-email-template-membership-expiring.php:125 classes/email-templates/class-pmpro-email-template-membership-recurring.php:122 classes/email-templates/class-pmpro-email-template-payment-action-admin.php:129 classes/email-templates/class-pmpro-email-template-payment-action.php:123 classes/email-templates/class-pmpro-email-template-refund-admin.php:106 classes/email-templates/class-pmpro-email-template-refund.php:109"
emails,missing,,"The email address of the user.",,"classes/email-templates/class-pmpro-email-template-admin-change-admin.php:120 classes/email-templates/class-pmpro-email-template-admin-change.php:122 classes/email-templates/class-pmpro-email-template-billing-admin.php:106 classes/email-templates/class-pmpro-email-template-billing-failure-admin.php:128 classes/email-templates/class-pmpro-email-template-billing-failure.php:127 classes/email-templates/class-pmpro-email-template-billing.php:114 classes/email-templates/class-pmpro-email-template-cancel-admin.php:111 classes/email-templates/class-pmpro-email-template-cancel-on-next-payment-date-admin.php:131 classes/email-templates/class-pmpro-email-template-cancel-on-next-payment-date.php:104 classes/email-templates/class-pmpro-email-template-cancel.php:106 classes/email-templates/class-pmpro-email-template-checkout-check-admin.php:225 classes/email-templates/class-pmpro-email-template-checkout-check.php:144 classes/email-templates/class-pmpro-email-template-checkout-free-admin.php:137 classes/email-templates/class-pmpro-email-template-checkout-free.php:135 classes/email-templates/class-pmpro-email-template-checkout-paid-admin.php:233 classes/email-templates/class-pmpro-email-template-checkout-paid.php:237 classes/email-templates/class-pmpro-email-template-credit-card-expiring.php:140 classes/email-templates/class-pmpro-email-template-invoice.php:141 classes/email-templates/class-pmpro-email-template-membership-expired.php:126 classes/email-templates/class-pmpro-email-template-membership-expiring.php:126 classes/email-templates/class-pmpro-email-template-membership-recurring.php:123 classes/email-templates/class-pmpro-email-template-payment-action-admin.php:130 classes/email-templates/class-pmpro-email-template-payment-action.php:124 classes/email-templates/class-pmpro-email-template-refund-admin.php:107 classes/email-templates/class-pmpro-email-template-refund.php:110"
emails,missing,,"A message indicating the change in membership.",,"classes/email-templates/class-pmpro-email-template-admin-change-admin.php:121 classes/email-templates/class-pmpro-email-template-admin-change.php:123"
emails,translated,,Admin,Administrador,"classes/email-templates/class-pmpro-email-template-admin-change-admin.php:146 classes/email-templates/class-pmpro-email-template-billing-admin.php:149 classes/email-templates/class-pmpro-email-template-billing-failure-admin.php:114 classes/email-templates/class-pmpro-email-template-cancel-admin.php:141 classes/email-templates/class-pmpro-email-template-cancel-on-next-payment-date-admin.php:117 classes/email-templates/class-pmpro-email-template-checkout-check-admin.php:130 classes/email-templates/class-pmpro-email-template-checkout-free-admin.php:121 classes/email-templates/class-pmpro-email-template-checkout-paid-admin.php:136 classes/email-templates/class-pmpro-email-template-payment-action-admin.php:115 classes/email-templates/class-pmpro-email-template-refund-admin.php:155"
emails,translated,,"Admin Change","Cambio del administrador",classes/email-templates/class-pmpro-email-template-admin-change.php:42
emails,translated,,"The site administrator can manually update a user's membership through the WordPress admin. This email notifies the member of the level update.","El administrador del sitio puede actualizar manualmente el nivel de membresía de un usuario a través de la administración de WordPress. Este correo electrónico avisa al miembro de la actualización de nivel.",classes/email-templates/class-pmpro-email-template-admin-change.php:53
emails,missing,,"Your membership at {{ sitename }} has been changed",,classes/email-templates/class-pmpro-email-template-admin-change.php:64
emails,missing,,"<p>An administrator at {{ sitename }} has changed your membership level.</p>

<p>{{ membership_change }}</p>

<p>If you did not request this membership change and would like more information please contact us at {{ siteemail }}</p>

<p>Log in to your membership account here: {{ login_url }}</p>",,classes/email-templates/class-pmpro-email-template-admin-change.php:75
preheaders,translated,,"Your membership has been cancelled.","Tu membresía se ha cancelado.","classes/email-templates/class-pmpro-email-template-admin-change.php:95 includes/email.php:373 preheaders/cancel.php:145"
flujo_comun,translated,,"Your membership has been cancelled.","Tu membresía se ha cancelado.","classes/email-templates/class-pmpro-email-template-admin-change.php:95 includes/email.php:373 preheaders/cancel.php:145"
emails,translated,,"Your membership has been cancelled.","Tu membresía se ha cancelado.","classes/email-templates/class-pmpro-email-template-admin-change.php:95 includes/email.php:373 preheaders/cancel.php:145"
emails,translated,,"You can view your current memberships by logging in and visiting your membership account page.","Puedes ver tus membresías actuales accediendo y visitando tu página de cuenta de membresía.",classes/email-templates/class-pmpro-email-template-admin-change.php:97
emails,translated,,"Billing Information Updated (admin)","Información de facturación actualizada (administrador)",classes/email-templates/class-pmpro-email-template-billing-admin.php:51
emails,translated,,"Members can update the payment method associated with their recurring subscription. This email is sent to the site administrator as a confirmation of a payment method update.","Los miembros pueden actualizar el método de pago asociado con su suscripción periódica. Este correo electrónico se envía al administrador del sitio como confirmación de una actualización del método de pago.",classes/email-templates/class-pmpro-email-template-billing-admin.php:62
emails,missing,,"Billing information has been updated for {{ user_login }} at {{ sitename }}",,classes/email-templates/class-pmpro-email-template-billing-admin.php:73
emails,missing,,"<p>The billing information for {{ display_name }} at {{ sitename }} has been changed.</p>

<p>Account: {{ display_name }} ({{ user_email }})</p>

<p>
	Billing Information:<br />
	{{ billing_address }}
</p>

{% if accountnumber %}<p>
	{{ cardtype }}: {{ accountnumber }}<br />
	Expires: {{ expirationmonth }}/{{ expirationyear }}
</p>{% endif %}

<p>Log in to your WordPress admin here: {{ login_url }}</p>",,classes/email-templates/class-pmpro-email-template-billing-admin.php:77
emails,missing,,"The ID of the membership level.",,"classes/email-templates/class-pmpro-email-template-billing-admin.php:107 classes/email-templates/class-pmpro-email-template-billing-failure-admin.php:129 classes/email-templates/class-pmpro-email-template-billing-failure.php:128 classes/email-templates/class-pmpro-email-template-billing.php:115 classes/email-templates/class-pmpro-email-template-cancel-admin.php:112 classes/email-templates/class-pmpro-email-template-cancel-on-next-payment-date-admin.php:132 classes/email-templates/class-pmpro-email-template-cancel-on-next-payment-date.php:105 classes/email-templates/class-pmpro-email-template-cancel.php:107 classes/email-templates/class-pmpro-email-template-checkout-check-admin.php:226 classes/email-templates/class-pmpro-email-template-checkout-check.php:145 classes/email-templates/class-pmpro-email-template-checkout-free-admin.php:138 classes/email-templates/class-pmpro-email-template-checkout-free.php:136 classes/email-templates/class-pmpro-email-template-checkout-paid-admin.php:234 classes/email-templates/class-pmpro-email-template-checkout-paid.php:238 classes/email-templates/class-pmpro-email-template-credit-card-expiring.php:141 classes/email-templates/class-pmpro-email-template-invoice.php:142 classes/email-templates/class-pmpro-email-template-membership-expired.php:127 classes/email-templates/class-pmpro-email-template-membership-expiring.php:127 classes/email-templates/class-pmpro-email-template-membership-recurring.php:124 classes/email-templates/class-pmpro-email-template-refund-admin.php:108 classes/email-templates/class-pmpro-email-template-refund.php:111"
emails,missing,,"The ID of the level group that the membership level belongs to.",,"classes/email-templates/class-pmpro-email-template-billing-admin.php:108 classes/email-templates/class-pmpro-email-template-billing-failure-admin.php:130 classes/email-templates/class-pmpro-email-template-billing-failure.php:129 classes/email-templates/class-pmpro-email-template-billing.php:116 classes/email-templates/class-pmpro-email-template-cancel-admin.php:113 classes/email-templates/class-pmpro-email-template-cancel-on-next-payment-date-admin.php:133 classes/email-templates/class-pmpro-email-template-cancel-on-next-payment-date.php:106 classes/email-templates/class-pmpro-email-template-cancel.php:108 classes/email-templates/class-pmpro-email-template-checkout-check-admin.php:227 classes/email-templates/class-pmpro-email-template-checkout-check.php:146 classes/email-templates/class-pmpro-email-template-checkout-free-admin.php:139 classes/email-templates/class-pmpro-email-template-checkout-free.php:137 classes/email-templates/class-pmpro-email-template-checkout-paid-admin.php:235 classes/email-templates/class-pmpro-email-template-checkout-paid.php:239 classes/email-templates/class-pmpro-email-template-credit-card-expiring.php:142 classes/email-templates/class-pmpro-email-template-invoice.php:143 classes/email-templates/class-pmpro-email-template-membership-expired.php:128 classes/email-templates/class-pmpro-email-template-membership-expiring.php:128 classes/email-templates/class-pmpro-email-template-membership-recurring.php:125 classes/email-templates/class-pmpro-email-template-refund-admin.php:109 classes/email-templates/class-pmpro-email-template-refund.php:112"
emails,missing,,"The name of the membership level.",,"classes/email-templates/class-pmpro-email-template-billing-admin.php:109 classes/email-templates/class-pmpro-email-template-billing-failure-admin.php:131 classes/email-templates/class-pmpro-email-template-billing-failure.php:130 classes/email-templates/class-pmpro-email-template-billing.php:117 classes/email-templates/class-pmpro-email-template-cancel-admin.php:114 classes/email-templates/class-pmpro-email-template-cancel-on-next-payment-date-admin.php:134 classes/email-templates/class-pmpro-email-template-cancel-on-next-payment-date.php:107 classes/email-templates/class-pmpro-email-template-cancel.php:109 classes/email-templates/class-pmpro-email-template-checkout-check-admin.php:228 classes/email-templates/class-pmpro-email-template-checkout-check.php:147 classes/email-templates/class-pmpro-email-template-checkout-free-admin.php:140 classes/email-templates/class-pmpro-email-template-checkout-free.php:138 classes/email-templates/class-pmpro-email-template-checkout-paid-admin.php:236 classes/email-templates/class-pmpro-email-template-checkout-paid.php:240 classes/email-templates/class-pmpro-email-template-credit-card-expiring.php:143 classes/email-templates/class-pmpro-email-template-invoice.php:144 classes/email-templates/class-pmpro-email-template-membership-expired.php:129 classes/email-templates/class-pmpro-email-template-membership-expiring.php:129 classes/email-templates/class-pmpro-email-template-membership-recurring.php:126 classes/email-templates/class-pmpro-email-template-refund-admin.php:110 classes/email-templates/class-pmpro-email-template-refund.php:113"
emails,missing,,"The complete billing address of the order.",,"classes/email-templates/class-pmpro-email-template-billing-admin.php:110 classes/email-templates/class-pmpro-email-template-billing-failure-admin.php:132 classes/email-templates/class-pmpro-email-template-billing-failure.php:131 classes/email-templates/class-pmpro-email-template-billing.php:118 classes/email-templates/class-pmpro-email-template-checkout-check-admin.php:240 classes/email-templates/class-pmpro-email-template-checkout-check.php:159 classes/email-templates/class-pmpro-email-template-checkout-paid-admin.php:248 classes/email-templates/class-pmpro-email-template-checkout-paid.php:252 classes/email-templates/class-pmpro-email-template-credit-card-expiring.php:144 classes/email-templates/class-pmpro-email-template-invoice.php:150 classes/email-templates/class-pmpro-email-template-refund-admin.php:116 classes/email-templates/class-pmpro-email-template-refund.php:119"
emails,missing,,"The billing name of the order.",,"classes/email-templates/class-pmpro-email-template-billing-admin.php:111 classes/email-templates/class-pmpro-email-template-billing-failure-admin.php:133 classes/email-templates/class-pmpro-email-template-billing-failure.php:132 classes/email-templates/class-pmpro-email-template-billing.php:119 classes/email-templates/class-pmpro-email-template-checkout-check-admin.php:241 classes/email-templates/class-pmpro-email-template-checkout-check.php:160 classes/email-templates/class-pmpro-email-template-checkout-paid-admin.php:249 classes/email-templates/class-pmpro-email-template-checkout-paid.php:253 classes/email-templates/class-pmpro-email-template-credit-card-expiring.php:145 classes/email-templates/class-pmpro-email-template-invoice.php:151 classes/email-templates/class-pmpro-email-template-refund-admin.php:117 classes/email-templates/class-pmpro-email-template-refund.php:120"
emails,missing,,"The billing street of the order.",,"classes/email-templates/class-pmpro-email-template-billing-admin.php:112 classes/email-templates/class-pmpro-email-template-billing-failure-admin.php:134 classes/email-templates/class-pmpro-email-template-billing-failure.php:133 classes/email-templates/class-pmpro-email-template-billing.php:120 classes/email-templates/class-pmpro-email-template-checkout-check-admin.php:242 classes/email-templates/class-pmpro-email-template-checkout-check.php:161 classes/email-templates/class-pmpro-email-template-checkout-paid-admin.php:250 classes/email-templates/class-pmpro-email-template-checkout-paid.php:254 classes/email-templates/class-pmpro-email-template-credit-card-expiring.php:146 classes/email-templates/class-pmpro-email-template-invoice.php:152 classes/email-templates/class-pmpro-email-template-refund-admin.php:118 classes/email-templates/class-pmpro-email-template-refund.php:121"
emails,missing,,"The billing street line 2 of the order.",,"classes/email-templates/class-pmpro-email-template-billing-admin.php:113 classes/email-templates/class-pmpro-email-template-billing-failure-admin.php:135 classes/email-templates/class-pmpro-email-template-billing-failure.php:134 classes/email-templates/class-pmpro-email-template-billing.php:121 classes/email-templates/class-pmpro-email-template-checkout-check-admin.php:243 classes/email-templates/class-pmpro-email-template-checkout-check.php:162 classes/email-templates/class-pmpro-email-template-checkout-paid-admin.php:251 classes/email-templates/class-pmpro-email-template-checkout-paid.php:255 classes/email-templates/class-pmpro-email-template-credit-card-expiring.php:147 classes/email-templates/class-pmpro-email-template-invoice.php:153 classes/email-templates/class-pmpro-email-template-refund-admin.php:119 classes/email-templates/class-pmpro-email-template-refund.php:122"
emails,missing,,"The billing city of the order.",,"classes/email-templates/class-pmpro-email-template-billing-admin.php:114 classes/email-templates/class-pmpro-email-template-billing-failure-admin.php:136 classes/email-templates/class-pmpro-email-template-billing-failure.php:135 classes/email-templates/class-pmpro-email-template-billing.php:122 classes/email-templates/class-pmpro-email-template-checkout-check-admin.php:244 classes/email-templates/class-pmpro-email-template-checkout-check.php:163 classes/email-templates/class-pmpro-email-template-checkout-paid-admin.php:252 classes/email-templates/class-pmpro-email-template-checkout-paid.php:256 classes/email-templates/class-pmpro-email-template-credit-card-expiring.php:148 classes/email-templates/class-pmpro-email-template-invoice.php:154 classes/email-templates/class-pmpro-email-template-refund-admin.php:120 classes/email-templates/class-pmpro-email-template-refund.php:123"
emails,missing,,"The billing state of the order.",,"classes/email-templates/class-pmpro-email-template-billing-admin.php:115 classes/email-templates/class-pmpro-email-template-billing-failure-admin.php:137 classes/email-templates/class-pmpro-email-template-billing-failure.php:136 classes/email-templates/class-pmpro-email-template-billing.php:123 classes/email-templates/class-pmpro-email-template-checkout-check-admin.php:245 classes/email-templates/class-pmpro-email-template-checkout-check.php:164 classes/email-templates/class-pmpro-email-template-checkout-paid-admin.php:253 classes/email-templates/class-pmpro-email-template-checkout-paid.php:257 classes/email-templates/class-pmpro-email-template-credit-card-expiring.php:149 classes/email-templates/class-pmpro-email-template-invoice.php:155 classes/email-templates/class-pmpro-email-template-refund-admin.php:121 classes/email-templates/class-pmpro-email-template-refund.php:124"
emails,missing,,"The billing ZIP code of the order.",,"classes/email-templates/class-pmpro-email-template-billing-admin.php:116 classes/email-templates/class-pmpro-email-template-billing-failure-admin.php:138 classes/email-templates/class-pmpro-email-template-billing-failure.php:137 classes/email-templates/class-pmpro-email-template-billing.php:124 classes/email-templates/class-pmpro-email-template-checkout-check-admin.php:246 classes/email-templates/class-pmpro-email-template-checkout-check.php:165 classes/email-templates/class-pmpro-email-template-checkout-paid-admin.php:254 classes/email-templates/class-pmpro-email-template-checkout-paid.php:258 classes/email-templates/class-pmpro-email-template-credit-card-expiring.php:150 classes/email-templates/class-pmpro-email-template-invoice.php:156 classes/email-templates/class-pmpro-email-template-refund-admin.php:122 classes/email-templates/class-pmpro-email-template-refund.php:125"
emails,missing,,"The billing country of the order.",,"classes/email-templates/class-pmpro-email-template-billing-admin.php:117 classes/email-templates/class-pmpro-email-template-billing-failure-admin.php:139 classes/email-templates/class-pmpro-email-template-billing-failure.php:138 classes/email-templates/class-pmpro-email-template-billing.php:125 classes/email-templates/class-pmpro-email-template-checkout-check-admin.php:247 classes/email-templates/class-pmpro-email-template-checkout-check.php:166 classes/email-templates/class-pmpro-email-template-checkout-paid-admin.php:255 classes/email-templates/class-pmpro-email-template-checkout-paid.php:259 classes/email-templates/class-pmpro-email-template-credit-card-expiring.php:151 classes/email-templates/class-pmpro-email-template-invoice.php:157 classes/email-templates/class-pmpro-email-template-refund-admin.php:123 classes/email-templates/class-pmpro-email-template-refund.php:126"
emails,missing,,"The billing phone number of the order.",,"classes/email-templates/class-pmpro-email-template-billing-admin.php:118 classes/email-templates/class-pmpro-email-template-billing-failure-admin.php:140 classes/email-templates/class-pmpro-email-template-billing-failure.php:139 classes/email-templates/class-pmpro-email-template-billing.php:126 classes/email-templates/class-pmpro-email-template-checkout-check-admin.php:248 classes/email-templates/class-pmpro-email-template-checkout-check.php:167 classes/email-templates/class-pmpro-email-template-checkout-paid-admin.php:256 classes/email-templates/class-pmpro-email-template-checkout-paid.php:260 classes/email-templates/class-pmpro-email-template-credit-card-expiring.php:152 classes/email-templates/class-pmpro-email-template-invoice.php:158 classes/email-templates/class-pmpro-email-template-refund-admin.php:124 classes/email-templates/class-pmpro-email-template-refund.php:127"
emails,missing,,"The type of credit card used.",,"classes/email-templates/class-pmpro-email-template-billing-admin.php:119 classes/email-templates/class-pmpro-email-template-billing-failure-admin.php:141 classes/email-templates/class-pmpro-email-template-billing-failure.php:140 classes/email-templates/class-pmpro-email-template-billing.php:127 classes/email-templates/class-pmpro-email-template-checkout-paid-admin.php:257 classes/email-templates/class-pmpro-email-template-checkout-paid.php:261 classes/email-templates/class-pmpro-email-template-credit-card-expiring.php:153 classes/email-templates/class-pmpro-email-template-invoice.php:159 classes/email-templates/class-pmpro-email-template-refund-admin.php:125 classes/email-templates/class-pmpro-email-template-refund.php:128"
emails,missing,,"The last four digits of the credit card number.",,"classes/email-templates/class-pmpro-email-template-billing-admin.php:120 classes/email-templates/class-pmpro-email-template-billing-failure-admin.php:142 classes/email-templates/class-pmpro-email-template-billing-failure.php:141 classes/email-templates/class-pmpro-email-template-billing.php:128 classes/email-templates/class-pmpro-email-template-checkout-paid-admin.php:258 classes/email-templates/class-pmpro-email-template-checkout-paid.php:262 classes/email-templates/class-pmpro-email-template-credit-card-expiring.php:154 classes/email-templates/class-pmpro-email-template-invoice.php:160 classes/email-templates/class-pmpro-email-template-refund-admin.php:126 classes/email-templates/class-pmpro-email-template-refund.php:129"
emails,missing,,"The expiration month of the credit card.",,"classes/email-templates/class-pmpro-email-template-billing-admin.php:121 classes/email-templates/class-pmpro-email-template-billing-failure-admin.php:143 classes/email-templates/class-pmpro-email-template-billing-failure.php:142 classes/email-templates/class-pmpro-email-template-billing.php:129 classes/email-templates/class-pmpro-email-template-checkout-paid-admin.php:259 classes/email-templates/class-pmpro-email-template-checkout-paid.php:263 classes/email-templates/class-pmpro-email-template-credit-card-expiring.php:155 classes/email-templates/class-pmpro-email-template-invoice.php:161 classes/email-templates/class-pmpro-email-template-refund-admin.php:127 classes/email-templates/class-pmpro-email-template-refund.php:130"
emails,missing,,"The expiration year of the credit card.",,"classes/email-templates/class-pmpro-email-template-billing-admin.php:122 classes/email-templates/class-pmpro-email-template-billing-failure-admin.php:144 classes/email-templates/class-pmpro-email-template-billing-failure.php:143 classes/email-templates/class-pmpro-email-template-billing.php:130 classes/email-templates/class-pmpro-email-template-checkout-paid-admin.php:260 classes/email-templates/class-pmpro-email-template-checkout-paid.php:264 classes/email-templates/class-pmpro-email-template-credit-card-expiring.php:156 classes/email-templates/class-pmpro-email-template-invoice.php:162 classes/email-templates/class-pmpro-email-template-refund-admin.php:128 classes/email-templates/class-pmpro-email-template-refund.php:131"
emails,translated,,"Payment Failure (admin)","Fallo en el pago (administrador)",classes/email-templates/class-pmpro-email-template-billing-failure-admin.php:51
emails,missing,,"This email is sent to the site admin when a member's payment fails.",,classes/email-templates/class-pmpro-email-template-billing-failure-admin.php:62
emails,missing,,"Membership payment failed for {{ display_name }} at {{ sitename }}",,classes/email-templates/class-pmpro-email-template-billing-failure-admin.php:73
emails,missing,,"<p>The subscription payment for {{ user_login }} for level {{ membership_level_name }} at {{ sitename }} has failed.</p>

<p>Account: {{ display_name }} ({{ user_email }})</p>

<p>Membership Level: {{ membership_level_name }}</p>

<p>Log in to your WordPress admin here: {{ login_url }}</p>",,classes/email-templates/class-pmpro-email-template-billing-failure-admin.php:84
emails,translated,,"Payment Failure","Pago fallido",classes/email-templates/class-pmpro-email-template-billing-failure.php:51
emails,translated,,"This email is sent out if a recurring payment has failed, usually due to an expired or cancelled credit card. This email is sent to the member to allowing them time to update payment information without a disruption in access to your site.","Este correo electrónico se envía si un pago periódico ha fallado, generalmente debido a una tarjeta de crédito caducada o cancelada. Este correo electrónico se envía al miembro para darle tiempo de actualizar la información de pago sin interrumpir el acceso a tu sitio.",classes/email-templates/class-pmpro-email-template-billing-failure.php:62
emails,missing,,"Membership payment failed at {{ sitename }}",,classes/email-templates/class-pmpro-email-template-billing-failure.php:73
emails,missing,,"<p>The current subscription payment for level {{ membership_level_name }} at {{ sitename }} has failed.</p>

<p>
	<strong>Please click the following link to log in and update your billing information to avoid account suspension.</strong><br />
	{{ login_url }}
</p>

<p>Account: {{ display_name }} ({{ user_email }})</p>",,classes/email-templates/class-pmpro-email-template-billing-failure.php:84
emails,translated,,"Billing Information Updated","Información de facturación actualizada",classes/email-templates/class-pmpro-email-template-billing.php:51
emails,translated,,"Members can update the payment method associated with their recurring subscription. This email is sent to the member as a confirmation of a payment method update","Los miembros pueden actualizar el método de pago asociado con su suscripción periódica. Este correo electrónico se envía al miembro como confirmación de una actualización del método de pago.",classes/email-templates/class-pmpro-email-template-billing.php:62
emails,missing,,"Your billing information has been updated at {{ sitename }}",,classes/email-templates/class-pmpro-email-template-billing.php:73
emails,missing,,"<p>Your billing information at {{ sitename }} has been changed.</p>

<p>Account: {{ display_name }} ({{ user_email }})</p>

<p>
	Billing Information:<br />
	{{ billing_address }}
</p>

{% if accountnumber %}<p>
	{{ cardtype }}: {{ accountnumber }}<br />
	Expires: {{ expirationmonth }}/{{ expirationyear }}
</p>{% endif %}

<p>If you did not request a billing information change please contact us at {{ siteemail }}</p>

<p>Log in to your membership account here: {{ login_url }}</p>",,classes/email-templates/class-pmpro-email-template-billing.php:84
emails,missing,,"The $cancelled_level_ids parameter is required.",,"classes/email-templates/class-pmpro-email-template-cancel-admin.php:29 classes/email-templates/class-pmpro-email-template-cancel.php:28"
emails,translated,,"Cancel (admin)","Cancelar (administrador)",classes/email-templates/class-pmpro-email-template-cancel-admin.php:54
emails,translated,,"The site administrator can manually cancel a user's membership through the WordPress admin or the member can cancel their own membership through your site. This email is sent to the site administrator as confirmation of a cancelled membership.","El administrador del sitio puede cancelar manualmente la membresía de un usuario a través de la administración de WordPress o el miembro puede cancelar su propia membresía a través de tu sitio. Este correo electrónico se envía al administrador del sitio como confirmación de una membresía cancelada.",classes/email-templates/class-pmpro-email-template-cancel-admin.php:65
emails,missing,,"Membership for {{ user_login }} at {{ sitename }} has been CANCELLED",,classes/email-templates/class-pmpro-email-template-cancel-admin.php:76
emails,missing,,"<p>The membership for {{ user_login }} at {{ sitename }} has been cancelled.</p>

<p>Account: {{ display_name }} ({{ user_email }})</p>

<p>Membership Level: {{ membership_level_name }}</p>

{% if startdate %}<p>Start Date: {{ startdate }}</p>{% endif %}

{% if enddate %}<p>End Date: {{ enddate }}</p>{% endif %}

<p>Log in to your WordPress admin here: {{ login_url }}</p>",,classes/email-templates/class-pmpro-email-template-cancel-admin.php:87
emails,missing,,"The start date of the membership level.",,"classes/email-templates/class-pmpro-email-template-cancel-admin.php:115 classes/email-templates/class-pmpro-email-template-cancel-on-next-payment-date-admin.php:135 classes/email-templates/class-pmpro-email-template-cancel-on-next-payment-date.php:108"
emails,missing,,"The end date of the membership level.",,"classes/email-templates/class-pmpro-email-template-cancel-admin.php:116 classes/email-templates/class-pmpro-email-template-cancel-on-next-payment-date-admin.php:136 classes/email-templates/class-pmpro-email-template-cancel-on-next-payment-date.php:109"
emails,translated,,"Cancelled Auto-Renewals (admin)","Renovaciones automáticas canceladas (administrador)",classes/email-templates/class-pmpro-email-template-cancel-on-next-payment-date-admin.php:50
emails,translated,,"When a user cancels a membership with a recurring subscription, they will still have access until when their next payment would have been taken. This email is sent to the site administrator to notify them of this change.","Cuando un usuario cancela una membresía con una suscripción periódica, seguirá teniendo acceso hasta cuando hubiera tenido que realizar su próximo pago. Este correo se envía al administrador del sitio para avisarle de este cambio.",classes/email-templates/class-pmpro-email-template-cancel-on-next-payment-date-admin.php:61
emails,missing,,"Payment subscription for {{ user_login }} at {{ sitename }} has been CANCELLED",,classes/email-templates/class-pmpro-email-template-cancel-on-next-payment-date-admin.php:72
emails,missing,,"<p>The payment subscription for {{ user_login }} at {{ sitename }} has been cancelled.</p>

<p>Account: {{ display_name }} ({{ user_email }})</p>

<p>Membership Level: {{ membership_level_name }}</p>

<p>Start Date: {{ startdate }}</p>

<p>Expiration Date: {{ enddate }}</p>

<p>Log in to your WordPress admin here: {{ login_url }}</p>",,classes/email-templates/class-pmpro-email-template-cancel-on-next-payment-date-admin.php:83
emails,translated,,"Cancelled Auto-Renewals","Renovaciones automáticas canceladas",classes/email-templates/class-pmpro-email-template-cancel-on-next-payment-date.php:51
emails,translated,,"When a user cancels a membership with a recurring subscription, they will still have access until when their next payment would have been taken. This email is sent to the member to notify them of this change.","Cuando un usuario cancela una membresía con una suscripción recurrente, seguirá teniendo acceso hasta el momento en que se hubiera tenido que realizar el próximo pago. Este correo electrónico se le envía al miembro para avisarle de este cambio.",classes/email-templates/class-pmpro-email-template-cancel-on-next-payment-date.php:62
emails,missing,,"Your payment subscription at {{ sitename }} has been CANCELLED",,classes/email-templates/class-pmpro-email-template-cancel-on-next-payment-date.php:73
emails,missing,,"<p>Your payment subscription at {{ sitename }} has been cancelled.</p>

<p>Account: {{ display_name }} ({{ user_email }})</p>

<p>Membership Level: {{ membership_level_name }}</p>

<p>Your access will expire on {{ enddate }}.</p>",,classes/email-templates/class-pmpro-email-template-cancel-on-next-payment-date.php:84
emails,translated,,"The site administrator can manually cancel a user's membership through the WordPress admin or the member can cancel their own membership through your site. This email is sent to the member as confirmation of a cancelled membership.","El administrador del sitio puede cancelar manualmente la membresía de un usuario a través de la administración de WordPress o el miembro puede cancelar su propia membresía a través de tu sitio. Este correo electrónico se envía al miembro como confirmación de una membresía cancelada.",classes/email-templates/class-pmpro-email-template-cancel.php:64
emails,missing,,"Your membership at {{ sitename }} has been CANCELLED",,classes/email-templates/class-pmpro-email-template-cancel.php:75
emails,missing,,"<p>Your membership at {{ sitename }} has been cancelled.</p>

<p>Account: {{ display_name }} ({{ user_email }})</p>

<p>Membership Level: {{ membership_level_name }}</p>

<p>If you did not request this cancellation and would like more information please contact us at {{ siteemail }}</p>",,classes/email-templates/class-pmpro-email-template-cancel.php:86
emails,missing,,"The URL of the Membership Checkout page for the cancelled level.",,classes/email-templates/class-pmpro-email-template-cancel.php:110
emails,missing,,"Checkout - Pay by Check (admin)",,classes/email-templates/class-pmpro-email-template-checkout-check-admin.php:50
emails,translated,,Check,Cheque,"classes/email-templates/class-pmpro-email-template-checkout-check-admin.php:61 classes/email-templates/class-pmpro-email-template-checkout-check-admin.php:206 classes/gateways/class.pmprogateway_check.php:113 classes/gateways/class.pmprogateway_check.php:149 includes/email-templates.php:6"
emails,translated,,"This is the membership confirmation email sent to the site administrator for every membership checkout using the ""%s (Pay by Check)"" gateway.","Este es el correo electrónico de confirmación de membresía enviado al administrador del sitio para cada pago de membresía que se realiza mediante la pasarela «%s (Pay by Check)».",classes/email-templates/class-pmpro-email-template-checkout-check-admin.php:62
emails,missing,,"Member checkout for {{ membership_level_name }} at {{ sitename }}",,"classes/email-templates/class-pmpro-email-template-checkout-check-admin.php:73 classes/email-templates/class-pmpro-email-template-checkout-free-admin.php:74 classes/email-templates/class-pmpro-email-template-checkout-paid-admin.php:72"
emails,missing,,"<p>There was a new member checkout at {{ sitename }}.</p>

<p><strong>They have chosen to pay by {{ check_gateway_label }}.</strong></p>

<p>Below are details about the new membership account and a receipt for the initial membership order.</p>

<p>Account: {{ display_name }} ({{ user_email }})</p>

<p>Membership Level: {{ membership_level_name }}</p>

<p>Membership Fee: {{ membership_cost }}</p>

{% if membership_expiration %}{{ membership_expiration }}{% endif %}

{% if discount_code_name %}<p>Discount Code: {{ discount_code_name }}</p>{% endif %}

<p>
	Order #{{ order_id }} on {{ order_date }}<br />
	Total Billed: {{ order_total }}
</p>

<p>Log in to your WordPress admin here: {{ login_url }}</p>",,classes/email-templates/class-pmpro-email-template-checkout-check-admin.php:85
flujo_comun,translated,,"This membership will expire on %s.","Esta membresía caducará en %s","classes/email-templates/class-pmpro-email-template-checkout-check-admin.php:157 classes/email-templates/class-pmpro-email-template-checkout-check.php:199 classes/email-templates/class-pmpro-email-template-checkout-free-admin.php:177 classes/email-templates/class-pmpro-email-template-checkout-free.php:175 classes/email-templates/class-pmpro-email-template-checkout-paid-admin.php:163 classes/email-templates/class-pmpro-email-template-checkout-paid.php:167 classes/email-templates/class-pmpro-email-template-invoice.php:200 includes/email.php:386 includes/email.php:387"
emails,translated,,"This membership will expire on %s.","Esta membresía caducará en %s","classes/email-templates/class-pmpro-email-template-checkout-check-admin.php:157 classes/email-templates/class-pmpro-email-template-checkout-check.php:199 classes/email-templates/class-pmpro-email-template-checkout-free-admin.php:177 classes/email-templates/class-pmpro-email-template-checkout-free.php:175 classes/email-templates/class-pmpro-email-template-checkout-paid-admin.php:163 classes/email-templates/class-pmpro-email-template-checkout-paid.php:167 classes/email-templates/class-pmpro-email-template-invoice.php:200 includes/email.php:386 includes/email.php:387"
emails,missing,,"The confirmation message for the membership level.",,"classes/email-templates/class-pmpro-email-template-checkout-check-admin.php:229 classes/email-templates/class-pmpro-email-template-checkout-check.php:148 classes/email-templates/class-pmpro-email-template-checkout-free-admin.php:141 classes/email-templates/class-pmpro-email-template-checkout-free.php:139 classes/email-templates/class-pmpro-email-template-checkout-paid-admin.php:237 classes/email-templates/class-pmpro-email-template-checkout-paid.php:241"
emails,missing,,"The cost of the membership level.",,"classes/email-templates/class-pmpro-email-template-checkout-check-admin.php:230 classes/email-templates/class-pmpro-email-template-checkout-check.php:149 classes/email-templates/class-pmpro-email-template-checkout-free-admin.php:142 classes/email-templates/class-pmpro-email-template-checkout-free.php:140 classes/email-templates/class-pmpro-email-template-checkout-paid-admin.php:238 classes/email-templates/class-pmpro-email-template-checkout-paid.php:242 classes/email-templates/class-pmpro-email-template-membership-recurring.php:127"
emails,missing,,"The expiration date of the membership level.",,"classes/email-templates/class-pmpro-email-template-checkout-check-admin.php:231 classes/email-templates/class-pmpro-email-template-checkout-check.php:150 classes/email-templates/class-pmpro-email-template-checkout-free-admin.php:143 classes/email-templates/class-pmpro-email-template-checkout-free.php:141 classes/email-templates/class-pmpro-email-template-checkout-paid-admin.php:239 classes/email-templates/class-pmpro-email-template-checkout-paid.php:243 classes/email-templates/class-pmpro-email-template-invoice.php:164 classes/email-templates/class-pmpro-email-template-membership-expiring.php:130"
emails,missing,,"The ID of the order.",,"classes/email-templates/class-pmpro-email-template-checkout-check-admin.php:232 classes/email-templates/class-pmpro-email-template-checkout-check.php:151 classes/email-templates/class-pmpro-email-template-checkout-free-admin.php:144 classes/email-templates/class-pmpro-email-template-checkout-free.php:142 classes/email-templates/class-pmpro-email-template-checkout-paid-admin.php:240 classes/email-templates/class-pmpro-email-template-checkout-paid.php:244"
emails,missing,,"The total cost of the order.",,"classes/email-templates/class-pmpro-email-template-checkout-check-admin.php:233 classes/email-templates/class-pmpro-email-template-checkout-check.php:152 classes/email-templates/class-pmpro-email-template-checkout-paid-admin.php:241 classes/email-templates/class-pmpro-email-template-checkout-paid.php:245"
emails,missing,,"The unformatted numeric total of the order.",,"classes/email-templates/class-pmpro-email-template-checkout-check-admin.php:234 classes/email-templates/class-pmpro-email-template-checkout-check.php:153 classes/email-templates/class-pmpro-email-template-checkout-paid-admin.php:242 classes/email-templates/class-pmpro-email-template-checkout-paid.php:246 classes/email-templates/class-pmpro-email-template-invoice.php:147 classes/email-templates/class-pmpro-email-template-refund-admin.php:113 classes/email-templates/class-pmpro-email-template-refund.php:116"
emails,missing,,"The date of the order.",,"classes/email-templates/class-pmpro-email-template-checkout-check-admin.php:235 classes/email-templates/class-pmpro-email-template-checkout-check.php:154 classes/email-templates/class-pmpro-email-template-checkout-free-admin.php:145 classes/email-templates/class-pmpro-email-template-checkout-free.php:143 classes/email-templates/class-pmpro-email-template-checkout-paid-admin.php:243 classes/email-templates/class-pmpro-email-template-checkout-paid.php:247 classes/email-templates/class-pmpro-email-template-invoice.php:148 classes/email-templates/class-pmpro-email-template-refund-admin.php:114 classes/email-templates/class-pmpro-email-template-refund.php:117"
emails,missing,,"The URL of the order.",,"classes/email-templates/class-pmpro-email-template-checkout-check-admin.php:236 classes/email-templates/class-pmpro-email-template-checkout-check.php:155 classes/email-templates/class-pmpro-email-template-checkout-free-admin.php:146 classes/email-templates/class-pmpro-email-template-checkout-free.php:144 classes/email-templates/class-pmpro-email-template-checkout-paid-admin.php:244 classes/email-templates/class-pmpro-email-template-checkout-paid.php:248 classes/email-templates/class-pmpro-email-template-invoice.php:149 classes/email-templates/class-pmpro-email-template-payment-action-admin.php:131 classes/email-templates/class-pmpro-email-template-payment-action.php:125 classes/email-templates/class-pmpro-email-template-refund.php:132"
emails,missing,,"The discount code for the order displayed as a formatted paragraph with label.",,"classes/email-templates/class-pmpro-email-template-checkout-check-admin.php:237 classes/email-templates/class-pmpro-email-template-checkout-check.php:156 classes/email-templates/class-pmpro-email-template-checkout-free-admin.php:147 classes/email-templates/class-pmpro-email-template-checkout-free.php:145 classes/email-templates/class-pmpro-email-template-checkout-paid-admin.php:245 classes/email-templates/class-pmpro-email-template-checkout-paid.php:249"
emails,missing,,"The name of the discount code used for the order.",,"classes/email-templates/class-pmpro-email-template-checkout-check-admin.php:238 classes/email-templates/class-pmpro-email-template-checkout-check.php:157 classes/email-templates/class-pmpro-email-template-checkout-free-admin.php:148 classes/email-templates/class-pmpro-email-template-checkout-free.php:146 classes/email-templates/class-pmpro-email-template-checkout-paid-admin.php:246 classes/email-templates/class-pmpro-email-template-checkout-paid.php:250"
emails,missing,,"The ID of the discount code used for the order.",,"classes/email-templates/class-pmpro-email-template-checkout-check-admin.php:239 classes/email-templates/class-pmpro-email-template-checkout-check.php:158 classes/email-templates/class-pmpro-email-template-checkout-free-admin.php:149 classes/email-templates/class-pmpro-email-template-checkout-free.php:147 classes/email-templates/class-pmpro-email-template-checkout-paid-admin.php:247 classes/email-templates/class-pmpro-email-template-checkout-paid.php:251"
emails,missing,,"The default or custom label for the check gateway.",,classes/email-templates/class-pmpro-email-template-checkout-check-admin.php:249
emails,missing,,"The gateway used for the order.",,"classes/email-templates/class-pmpro-email-template-checkout-check-admin.php:250 classes/email-templates/class-pmpro-email-template-checkout-check.php:169 classes/email-templates/class-pmpro-email-template-checkout-free-admin.php:150 classes/email-templates/class-pmpro-email-template-checkout-free.php:148 classes/email-templates/class-pmpro-email-template-checkout-paid-admin.php:261 classes/email-templates/class-pmpro-email-template-checkout-paid.php:265"
emails,missing,,"Checkout - Pay by Check",,classes/email-templates/class-pmpro-email-template-checkout-check.php:51
emails,missing,,"This is a membership confirmation welcome email sent to a new member or to existing members that change their level using the ""Pay by Check"" gateway.",,classes/email-templates/class-pmpro-email-template-checkout-check.php:62
emails,missing,,"Your membership confirmation for {{ sitename }}",,"classes/email-templates/class-pmpro-email-template-checkout-check.php:73 classes/email-templates/class-pmpro-email-template-checkout-free.php:73 classes/email-templates/class-pmpro-email-template-checkout-paid.php:77"
emails,missing,,"<p>Thank you for your membership to {{ sitename }}. Your membership account is now active.</p>

{% if membership_level_confirmation_message %}{{ membership_level_confirmation_message }}{% endif %}

{{ instructions }}

<p>Below are details about your membership account and a receipt for your initial membership order.</p>

<p>Account: {{ display_name }} ({{ user_email }})</p>

<p>Membership Level: {{ membership_level_name }}</p>

<p>Membership Fee: {{ membership_cost }}</p>

{% if membership_expiration %}{{ membership_expiration }}{% endif %}

{% if discount_code_name %}<p>Discount Code: {{ discount_code_name }}</p>{% endif %}

<p>
	Order #{{ order_id }} on {{ order_date }}<br />
	Total Billed: {{ order_total }}
</p>

<p>Log in to your membership account here: {{ login_url }}</p>",,classes/email-templates/class-pmpro-email-template-checkout-check.php:84
emails,missing,,"Payment instructions for the user to complete their purchase (defined in Payment Gateway settings).",,classes/email-templates/class-pmpro-email-template-checkout-check.php:168
emails,translated,,"Checkout - Free (admin)","Pago - Gratis (administrador)",classes/email-templates/class-pmpro-email-template-checkout-free-admin.php:50
emails,translated,,"This is the membership confirmation email sent to the site administrator for every membership checkout that has no charge.","Este es el correo electrónico de confirmación de membresía enviado al administrador del sitio para cada pago de membresía que no tiene coste.",classes/email-templates/class-pmpro-email-template-checkout-free-admin.php:62
emails,missing,,"<p>There was a new member checkout at {{ sitename }}.</p>

<p>Below are details about the new membership account.</p>

<p>Account: {{ display_name }} ({{ user_email }})</p>

<p>Membership Level: {{ membership_level_name }}</p>

{% if membership_expiration %}{{ membership_expiration }}{% endif %}

{% if discount_code_name %}<p>Discount Code: {{ discount_code_name }}</p>{% endif %}

<p>Log in to your WordPress admin here: {{ login_url }}</p>",,classes/email-templates/class-pmpro-email-template-checkout-free-admin.php:85
emails,translated,,"Checkout - Free","Pago - Gratis",classes/email-templates/class-pmpro-email-template-checkout-free.php:51
emails,translated,,"This is a membership confirmation welcome email sent to a new member or to existing members that change their level when the level has no charge.","Este es un correo electrónico de bienvenida de confirmación de membresía enviado a un nuevo miembro o a miembros existentes que cambian de nivel cuando el nivel no tiene coste.",classes/email-templates/class-pmpro-email-template-checkout-free.php:62
emails,missing,,"<p>Thank you for your membership to {{ sitename }}. Your membership account is now active.</p>

{% if membership_level_confirmation_message %}{{ membership_level_confirmation_message }}{% endif %}

<p>Below are details about your membership account.</p>

<p>Account: {{ display_name }} ({{ user_email }})</p>

<p>Membership Level: {{ membership_level_name }}</p>

{% if membership_expiration %}{{ membership_expiration }}{% endif %}

{% if discount_code_name %}<p>Discount Code: {{ discount_code_name }}</p>{% endif %}

<p>Log in to your membership account here: {{ login_url }}</p>",,classes/email-templates/class-pmpro-email-template-checkout-free.php:84
emails,translated,,"Checkout - Paid (admin)","Pago - Pagado (administrador)",classes/email-templates/class-pmpro-email-template-checkout-paid-admin.php:50
emails,translated,,"This is the membership confirmation email sent to the site administrator for every paid membership checkout on the site.","Este es el correo electrónico de confirmación de membresía enviado al administrador del sitio por cada pago de membresía pagado en el sitio.",classes/email-templates/class-pmpro-email-template-checkout-paid-admin.php:61
emails,missing,,"<p>There was a new member checkout at {{ sitename }}.</p>

<p>Below are details about the new membership account and a receipt for the initial membership order.</p>

<p>Account: {{ display_name }} ({{ user_email }})</p>

<p>Membership Level: {{ membership_level_name }}</p>

<p>Membership Fee: {{ membership_cost }}</p>

{% if membership_expiration %}{{ membership_expiration }}{% endif %}

{% if discount_code_name %}<p>Discount Code: {{ discount_code_name }}</p>{% endif %}

<p>
	Order #{{ order_id }} on {{ order_date }}<br />
	Total Billed: {{ order_total }}
</p>

<p>
	Billing Information:<br />
	{{ billing_address }}
</p>

{% if accountnumber %}<p>
	{{ cardtype }}: {{ accountnumber }}<br />
	Expires: {{ expirationmonth }}/{{ expirationyear }}
</p>{% endif %}

<p>Log in to your WordPress admin here: {{ login_url }}</p>",,classes/email-templates/class-pmpro-email-template-checkout-paid-admin.php:83
emails,translated,,"Checkout - Paid","Pago - Pagado",classes/email-templates/class-pmpro-email-template-checkout-paid.php:55
emails,translated,,"This is a membership confirmation welcome email sent to a new member or to existing members that change their level and complete a paid checkout on the site.","Este es un correo electrónico de bienvenida de confirmación de membresía enviado a un nuevo miembro o a miembros existentes que cambian de nivel y completan un pago pagado en el sitio.",classes/email-templates/class-pmpro-email-template-checkout-paid.php:66
emails,missing,,"<p>Thank you for your membership to {{ sitename }}. Your membership account is now active.</p>

{% if membership_level_confirmation_message %}{{ membership_level_confirmation_message }}{% endif %}

<p>Below are details about your membership account and a receipt for your initial membership order.</p>

<p>Account: {{ display_name }} ({{ user_email }})</p>

<p>Membership Level: {{ membership_level_name }}</p>

<p>Membership Fee: {{ membership_cost }}</p>

{% if membership_expiration %}{{ membership_expiration }}{% endif %}

{% if discount_code_name %}<p>Discount Code: {{ discount_code_name }}</p>{% endif %}

<p>
	Order #{{ order_id }} on {{ order_date }}<br />
	Total Billed: {{ order_total }}
</p>

<p>
	Billing Information:<br />
	{{ billing_address }}
</p>

{% if accountnumber %}<p>
	{{ cardtype }}: {{ accountnumber }}<br />
	Expires: {{ expirationmonth }}/{{ expirationyear }}
</p>{% endif %}

<p>Log in to your membership account here: {{ login_url }}</p>",,classes/email-templates/class-pmpro-email-template-checkout-paid.php:88
emails,translated,,"Credit Card Expiring","Caducidad de tarjeta de crédito",classes/email-templates/class-pmpro-email-template-credit-card-expiring.php:52
emails,missing,,"Legacy email that was sent when a member's payment method was be expiring soon. This email is no longer sent by default and will be removed in a future version of PMPro.",,classes/email-templates/class-pmpro-email-template-credit-card-expiring.php:63
emails,missing,,"Credit card on file expiring soon at {{ sitename }}",,classes/email-templates/class-pmpro-email-template-credit-card-expiring.php:74
emails,missing,,"<p>The payment method used for your membership at {{ sitename }} will expire soon.</p>

<p>
	<strong>Please click the following link to log in and update your billing information to avoid account suspension.</strong><br />
	{{ login_url }}
</p>

<p>Account: {{ display_name }} ({{ user_email }})</p>

<p>The most recent account information we have on file is:</p>

<p>
	{{ billing_name }}<br />
	{{ billing_address }}
</p>

{% if accountnumber %}<p>
	{{ cardtype }}: {{ accountnumber }}<br />
	Expires: {{ expirationmonth }}/{{ expirationyear }}
</p>{% endif %}",,classes/email-templates/class-pmpro-email-template-credit-card-expiring.php:85
emails,translated,,"Recurring Payment Receipt","Recibo de pago periódico",classes/email-templates/class-pmpro-email-template-invoice.php:50
emails,translated,,"This email is sent to the member each time a new subscription payment is made.","Este correo electrónico se envía al miembro cada vez que se hace un pago de nueva suscripción.",classes/email-templates/class-pmpro-email-template-invoice.php:61
emails,missing,,"Recurring payment receipt for {{ sitename }} membership",,classes/email-templates/class-pmpro-email-template-invoice.php:72
emails,missing,,"<p>Thank you for your membership to {{ sitename }}. Below is a receipt for your most recent membership order.</p>

<p>Account: {{ display_name }} ({{ user_email }})</p>

<p>
	Order #{{ order_id }} on {{ order_date }}<br />
	Total Billed: {{ order_total }}
</p>

<p>
	Billing Information:<br />
	{{ billing_address }}
</p>

{% if cardtype %}<p>
	{{ cardtype }}: {{ accountnumber }}<br />
	Expires: {{ expirationmonth }}/{{ expirationyear }}
</p>{% endif %}

<p>Log in to your membership account here: {{ login_url }}</p>

<p>View an online version of this order here: {{ order_url }}</p>",,classes/email-templates/class-pmpro-email-template-invoice.php:83
emails,missing,,"The order ID.",,"classes/email-templates/class-pmpro-email-template-invoice.php:145 classes/email-templates/class-pmpro-email-template-refund-admin.php:111 classes/email-templates/class-pmpro-email-template-refund.php:114"
emails,missing,,"The total amount of the order.",,"classes/email-templates/class-pmpro-email-template-invoice.php:146 classes/email-templates/class-pmpro-email-template-refund-admin.php:112 classes/email-templates/class-pmpro-email-template-refund.php:115"
emails,missing,,"The discount code used for the order.",,classes/email-templates/class-pmpro-email-template-invoice.php:163
emails,translated,,"Membership Expired","Membresía caducada",classes/email-templates/class-pmpro-email-template-membership-expired.php:50
emails,translated,,"This email is sent to the member when their membership expires.","Este correo electrónico se envía al miembro cuando caduca su membresía.",classes/email-templates/class-pmpro-email-template-membership-expired.php:61
emails,missing,,"Your membership at {{ sitename }} has ended",,classes/email-templates/class-pmpro-email-template-membership-expired.php:72
emails,missing,,"<p>Your membership at {{ sitename }} has ended.</p>

<p>Thank you for your support.</p>

<p>View our current membership offerings here: {{ levels_url }}</p>

<p>Log in to manage your account here: {{ login_url }}</p>",,classes/email-templates/class-pmpro-email-template-membership-expired.php:83
emails,missing,,"The URL of the Membership Checkout page for the expired level.",,classes/email-templates/class-pmpro-email-template-membership-expired.php:130
emails,translated,,"Membership Expiring","Caducidad de membresía",classes/email-templates/class-pmpro-email-template-membership-expiring.php:50
emails,translated,,"This email is sent to the member when their expiration date is approaching, at an interval based on the term of the membership.","Este correo electrónico se envía al miembro cuando se acerca la fecha de caducidad, en un intervalo basado en el plazo de la membresía.",classes/email-templates/class-pmpro-email-template-membership-expiring.php:61
emails,missing,,"Your membership at {{ sitename }} will end soon",,classes/email-templates/class-pmpro-email-template-membership-expiring.php:72
emails,missing,,"<p>Thank you for your membership to {{ sitename }}. This is just a reminder that your membership will end on {{ enddate }}.</p>

<p>Account: {{ display_name }} ({{ user_email }})</p>

<p>Membership Level: {{ membership_level_name }}</p>

<p>Log in to your membership account here: {{ login_url }}</p>",,classes/email-templates/class-pmpro-email-template-membership-expiring.php:83
emails,missing,,"The URL of the Membership Checkout page for the expiring level.",,classes/email-templates/class-pmpro-email-template-membership-expiring.php:131
emails,translated,,"Recurring Payment Reminder","Recordatorio de pago recurrente",classes/email-templates/class-pmpro-email-template-membership-recurring.php:41
emails,missing,,"This email is sent when a subscription is approaching its renewal date. The additional placeholders %1$s and %2$s can be used to print the date that the subscription will renew and the renewal price.",,classes/email-templates/class-pmpro-email-template-membership-recurring.php:53
emails,missing,,"Your membership at {{ sitename }} will renew soon",,classes/email-templates/class-pmpro-email-template-membership-recurring.php:67
emails,missing,,"<p>Thank you for your membership to {{ sitename }}.</p>

<p>This is just a reminder that your {{ membership_level_name }} membership will automatically renew on {{ renewaldate }}.</p>

<p>Account: {{ display_name }} ({{ user_email }})</p>

<p>If for some reason you do not want to renew your membership you can cancel here: {{ cancel_url }}</p>",,classes/email-templates/class-pmpro-email-template-membership-recurring.php:78
emails,missing,,"The amount billed for the subscription.",,classes/email-templates/class-pmpro-email-template-membership-recurring.php:128
emails,missing,,"The date of the next payment.",,classes/email-templates/class-pmpro-email-template-membership-recurring.php:129
emails,missing,,"The link to cancel the subscription.",,classes/email-templates/class-pmpro-email-template-membership-recurring.php:130
emails,translated,,"Payment Action Required (admin)","Acción de pago necesaria (administrador)",classes/email-templates/class-pmpro-email-template-payment-action-admin.php:50
emails,translated,,"This email is sent to the site administrator when an attempted membership checkout requires additional customer authentication.","Este correo electrónico se envía al administrador del sitio cuando un intento de pago de membresía requiere una identificación de cliente adicional.",classes/email-templates/class-pmpro-email-template-payment-action-admin.php:61
emails,missing,,"Payment action required: membership for {{ user_login }} at {{ sitename }}",,classes/email-templates/class-pmpro-email-template-payment-action-admin.php:72
emails,missing,,"<p>A payment at {{ sitename }} for {{ user_login }} requires additional customer authentication to complete.</p>

<p>Below is a copy of the email we sent to {{ user_email }} to notify them that they need to complete their payment:</p>

<p>Customer authentication is required to finish setting up your subscription at {{ sitename }}.</p>

<p>Please complete the verification steps issued by your payment provider at the following link:</p>

<p>{{ order_url }}</p>",,classes/email-templates/class-pmpro-email-template-payment-action-admin.php:83
emails,translated,,"Payment Action Required","Acción de pago necesaria",classes/email-templates/class-pmpro-email-template-payment-action.php:50
emails,translated,,"This email is sent to the user when an attempted membership checkout requires additional customer authentication.","Este correo electrónico se envía al usuario cuando un intento de pago de membresía requiere una identificación de cliente adicional.",classes/email-templates/class-pmpro-email-template-payment-action.php:61
emails,missing,,"Payment action required for your {{ sitename }} membership",,classes/email-templates/class-pmpro-email-template-payment-action.php:72
emails,missing,,"<p>Customer authentication is required to finish setting up your subscription at {{ sitename }}.</p>

<p>Please complete the verification steps issued by your payment provider at the following link:</p>

<p>{{ order_url }}</p>",,classes/email-templates/class-pmpro-email-template-payment-action.php:83
emails,missing,,"The URL of the membership levels page.",,classes/email-templates/class-pmpro-email-template-payment-action.php:126
emails,translated,,"Refund (admin)","Reembolso (administrador)",classes/email-templates/class-pmpro-email-template-refund-admin.php:50
emails,translated,,"This email is sent to the admin as confirmation of a refunded payment. The email is sent after your membership site receives notification of a successful payment refund through your gateway.","Este correo electrónico se envía al administrador como confirmación de un pago reembolsado. El correo electrónico se envía después de que tu sitio de membresía reciba el aviso de un reembolso de pago correcto a través de tu pasarela.",classes/email-templates/class-pmpro-email-template-refund-admin.php:61
emails,missing,,"Order #{{ order_id }} at {{ sitename }} has been REFUNDED",,"classes/email-templates/class-pmpro-email-template-refund-admin.php:73 classes/email-templates/class-pmpro-email-template-refund.php:72"
emails,missing,,"<p>Order #{{ order_id }} at {{ sitename }} has been refunded.</p>

<p>Account: {{ display_name }} ({{ user_email }})</p>

<p>
	Order #{{ order_id }} refunded on {{ refund_date }}<br />
	Total Refunded: {{ order_total }}
</p>

<p>Log in to your WordPress admin here: {{ login_url }}</p>",,classes/email-templates/class-pmpro-email-template-refund-admin.php:84
emails,missing,,"The refund date of the order.",,"classes/email-templates/class-pmpro-email-template-refund-admin.php:115 classes/email-templates/class-pmpro-email-template-refund.php:118"
emails,missing,,"The URL to the invoice for the refunded order.",,classes/email-templates/class-pmpro-email-template-refund-admin.php:129
emails,translated,,"This email is sent to the member as confirmation of a refunded payment. The email is sent after your membership site receives notification of a successful payment refund through your gateway.","Este correo electrónico se envía al miembro como confirmación de un pago reembolsado. El correo electrónico se envía después de que tu sitio de membresía reciba el aviso de un reembolso de pago correcto a través de tu pasarela.",classes/email-templates/class-pmpro-email-template-refund.php:61
emails,missing,,"<p>Order #{{ order_id }} at {{ sitename }} has been refunded.</p>

<p>Account: {{ display_name }} ({{ user_email }})</p>

<p>
	Order #{{ order_id }} refunded on {{ refund_date }}<br />
	Total Refunded: {{ order_total }}
</p>

<p>Log in to your membership account here: {{ login_url }}</p>

<p>View an online version of this order here: {{ order_url }}</p>

<p>If you did not request this refund and would like more information please contact us at {{ siteemail }}</p>",,classes/email-templates/class-pmpro-email-template-refund.php:83
emails,missing,,"The name of the site.",,classes/email-templates/class-pmpro-email-template.php:84
emails,missing,,"The email address of the site.",,classes/email-templates/class-pmpro-email-template.php:85
emails,missing,,"The URL of the site.",,classes/email-templates/class-pmpro-email-template.php:86
emails,missing,,"The URL of the page where users can view available membership levels.",,classes/email-templates/class-pmpro-email-template.php:87
emails,missing,,"The URL of the login page.",,classes/email-templates/class-pmpro-email-template.php:88
emails,missing,,"The ""From Email"" set in Memberships > Settings > Email Settings.",,classes/email-templates/class-pmpro-email-template.php:89
emails,missing,,"The ""Administration Email Address"" set in Settings > General.",,classes/email-templates/class-pmpro-email-template.php:90
emails,missing,,"The name of the email recipient.",,classes/email-templates/class-pmpro-email-template.php:91
stripe,translated,,"The %s gateway depends on the %s PHP extension. Please enable it, or ask your hosting provider to enable it.","La pasarela %s depende de la extensión %s de PHP. Por favor, actívala o pídele a tu proveedor de alojamiento que la active.","classes/gateways/class.pmprogateway_braintree.php:87 classes/gateways/class.pmprogateway_stripe.php:2011"
paginas,translated,,"Card Number","Número de la tarjeta","classes/gateways/class.pmprogateway_braintree.php:482 classes/gateways/class.pmprogateway_stripe.php:1400 pages/billing.php:299 pages/checkout.php:490"
stripe,translated,,"Card Number","Número de la tarjeta","classes/gateways/class.pmprogateway_braintree.php:482 classes/gateways/class.pmprogateway_stripe.php:1400 pages/billing.php:299 pages/checkout.php:490"
paginas,translated,,CVV,CVV,"classes/gateways/class.pmprogateway_braintree.php:520 pages/billing.php:340"
paginas,translated,,"Apply discount code","Aplicar código de descuento","classes/gateways/class.pmprogateway_braintree.php:531 classes/gateways/class.pmprogateway_stripe.php:1423 pages/checkout.php:203 pages/checkout.php:539"
stripe,translated,,"Apply discount code","Aplicar código de descuento","classes/gateways/class.pmprogateway_braintree.php:531 classes/gateways/class.pmprogateway_stripe.php:1423 pages/checkout.php:203 pages/checkout.php:539"
paginas,translated,,Apply,Aplicar,"classes/gateways/class.pmprogateway_braintree.php:531 classes/gateways/class.pmprogateway_stripe.php:1423 pages/checkout.php:203 pages/checkout.php:539"
stripe,translated,,Apply,Aplicar,"classes/gateways/class.pmprogateway_braintree.php:531 classes/gateways/class.pmprogateway_stripe.php:1423 pages/checkout.php:203 pages/checkout.php:539"
stripe,missing,,"For detailed setup instructions, please visit our %s.",,"classes/gateways/class.pmprogateway_check.php:156 classes/gateways/class.pmprogateway_paypalexpress.php:247 classes/gateways/class.pmprogateway_stripe.php:669"
paginas,translated,,"Submit and Check Out","Enviar y pagar","classes/gateways/class.pmprogateway_paypalexpress.php:684 classes/gateways/class.pmprogateway_paypalstandard.php:257 classes/gateways/class.pmprogateway_paypalwpp.php:309 pages/checkout.php:607"
paginas,translated,,"Submit and Confirm","Enviar y confirmar","classes/gateways/class.pmprogateway_paypalexpress.php:684 classes/gateways/class.pmprogateway_paypalstandard.php:257 classes/gateways/class.pmprogateway_paypalwpp.php:309 classes/gateways/class.pmprogateway_twocheckout.php:209 pages/checkout.php:607"
stripe,translated,,"Admin: Order successfully refunded for transaction ID %1$s by %2$s.","Administrador: Pedido reembolsado correctamente para la transacción ID %1$s por %2$s.","classes/gateways/class.pmprogateway_paypalexpress.php:1399 classes/gateways/class.pmprogateway_stripe.php:4684"
stripe,missing,,"With Stripe, you can accept membership payment onsite or offsite. The Stripe gateway supports over 135 currencies, built-in tax collection, and multiple payment methods like credit card, Google Pay, Apple Pay, and over 40 region-specific options.",,classes/gateways/class.pmprogateway_stripe.php:233
stripe,translated,,"Stripe API Settings","Ajustes de la API de Stripe",classes/gateways/class.pmprogateway_stripe.php:316
stripe,translated,,"Having trouble connecting through the button above or otherwise need to use your own API keys?","¿Tienes problemas para conectarte a través del botón anterior o necesitas usar tus propias claves API?","classes/gateways/class.pmprogateway_stripe.php:319 classes/gateways/class.pmprogateway_stripe.php:3130"
stripe,translated,,"Click here to connect via API settings.","Haz clic aquí para conectarte mediante los ajustes de la API.","classes/gateways/class.pmprogateway_stripe.php:320 classes/gateways/class.pmprogateway_stripe.php:3131"
stripe,translated,,"Publishable Key","Clave publicable","classes/gateways/class.pmprogateway_stripe.php:340 classes/gateways/class.pmprogateway_stripe.php:3155"
stripe,translated,,"Your Publishable Key appears incorrect.","Tu clave publicable parece ser incorrecta.","classes/gateways/class.pmprogateway_stripe.php:348 classes/gateways/class.pmprogateway_stripe.php:3163"
stripe,translated,,"Secret Key","Clave secreta",classes/gateways/class.pmprogateway_stripe.php:356
stripe,translated,,Webhook,"Gancho web",classes/gateways/class.pmprogateway_stripe.php:365
stripe,translated,,"Webhook URL","URL del webhook","classes/gateways/class.pmprogateway_stripe.php:370 classes/gateways/class.pmprogateway_stripe.php:706"
stripe,translated,,"Webhook Status","Estado del webhook","classes/gateways/class.pmprogateway_stripe.php:378 classes/gateways/class.pmprogateway_stripe.php:714"
stripe,translated,,"Create Webhook","Crear webhook","classes/gateways/class.pmprogateway_stripe.php:384 classes/gateways/class.pmprogateway_stripe.php:408 classes/gateways/class.pmprogateway_stripe.php:720 classes/gateways/class.pmprogateway_stripe.php:744"
stripe,translated,,"A webhook is set up in Stripe, but it is disabled.","Se ha configurado un webhook en Stripe, pero está desactivado.","classes/gateways/class.pmprogateway_stripe.php:390 classes/gateways/class.pmprogateway_stripe.php:726"
stripe,translated,,"Rebuild Webhook","Reconstruir webhook","classes/gateways/class.pmprogateway_stripe.php:390 classes/gateways/class.pmprogateway_stripe.php:397 classes/gateways/class.pmprogateway_stripe.php:726 classes/gateways/class.pmprogateway_stripe.php:733"
stripe,translated,,"A webhook is set up in Stripe, but it is using an old API version.","Se ha configurado un webhook en Stripe, pero está usando una versión de API anterior.","classes/gateways/class.pmprogateway_stripe.php:397 classes/gateways/class.pmprogateway_stripe.php:733"
stripe,translated,,"Your webhook is enabled.","Tu webhook está activado.","classes/gateways/class.pmprogateway_stripe.php:403 classes/gateways/class.pmprogateway_stripe.php:739 classes/gateways/class.pmprogateway_stripe.php:1137"
stripe,translated,,"Disable Webhook","Desactivar webhook","classes/gateways/class.pmprogateway_stripe.php:403 classes/gateways/class.pmprogateway_stripe.php:739"
stripe,translated,,"A webhook in Stripe is required to process payments, manage failed payments, and synchronize cancellations.","Se requiere un webhook en Stripe para procesar pagos periódicos, gestionar pagos fallidos y sincronizar cancelaciones.","classes/gateways/class.pmprogateway_stripe.php:410 classes/gateways/class.pmprogateway_stripe.php:746 classes/gateways/class.pmprogateway_stripe.php:1164"
stripe,translated,,"Webhook History","Historial de webhooks","classes/gateways/class.pmprogateway_stripe.php:418 classes/gateways/class.pmprogateway_stripe.php:754"
stripe,translated,,"Never Received","Nunca recibido","classes/gateways/class.pmprogateway_stripe.php:436 classes/gateways/class.pmprogateway_stripe.php:772"
stripe,translated,,Working,"En proceso","classes/gateways/class.pmprogateway_stripe.php:473 classes/gateways/class.pmprogateway_stripe.php:485 classes/gateways/class.pmprogateway_stripe.php:809 classes/gateways/class.pmprogateway_stripe.php:821"
stripe,translated,,"Last Sent ","Último enviado ","classes/gateways/class.pmprogateway_stripe.php:476 classes/gateways/class.pmprogateway_stripe.php:812"
stripe,translated,,"Error: ","Error: ","classes/gateways/class.pmprogateway_stripe.php:481 classes/gateways/class.pmprogateway_stripe.php:817"
stripe,translated,,"Some webhooks recently sent by Stripe have not been received by your website. Please ensure that you have a webhook set up in Stripe for the Webhook URL shown above with all of the listed event types active. To test an event type again, please resend the most recent webhook event of that type from the Stripe webhook settings page or wait for it to be sent again in the future.","Algunos webhooks enviados recientemente por Stripe no han sido recibidos por tu web. Por favor, asegúrate de que tienes un webhook configurado en Stripe para la URL del webhook que se muestra a continuación con todos los tipos de eventos listados activos. Para volver a probar un tipo de evento, vuelve a enviar el evento de webhook más reciente de ese tipo desde la página de de ajustes de los webhooks de Stripe o espera a que se vuelva a enviar en el futuro.","classes/gateways/class.pmprogateway_stripe.php:494 classes/gateways/class.pmprogateway_stripe.php:830"
stripe,translated,,"Some event types have not yet been triggered in Stripe. More information will be available here once Stripe attempts to send webhooks for each event type. In the meantime, please ensure that you have a webhook set up in Stripe for the Webhook URL shown below with all of the listed event types active.","Algunos tipos de eventos aún no se han activado en Stripe. Aquí encontrarás más información una vez que Stripe intente enviar webhooks para cada tipo de evento. Mientras tanto, asegúrate de que tienes un webhook configurado en Stripe para la URL del webhook que se muestra a continuación con todos los tipos de evento enumerados activos.","classes/gateways/class.pmprogateway_stripe.php:496 classes/gateways/class.pmprogateway_stripe.php:832"
stripe,translated,,"All webhooks appear to be working correctly.","Todos los webhooks parecen funcionar correctamente.","classes/gateways/class.pmprogateway_stripe.php:498 classes/gateways/class.pmprogateway_stripe.php:834"
stripe,translated,,"Event Type","Tipo de evento","classes/gateways/class.pmprogateway_stripe.php:505 classes/gateways/class.pmprogateway_stripe.php:841"
stripe,translated,,"Last Received","Último recibido","classes/gateways/class.pmprogateway_stripe.php:506 classes/gateways/class.pmprogateway_stripe.php:842"
stripe,translated,,"Other Stripe Settings","Otros ajustes de Stripe",classes/gateways/class.pmprogateway_stripe.php:532
stripe,translated,,"Payment Flow","Flujo de pago","classes/gateways/class.pmprogateway_stripe.php:537 classes/gateways/class.pmprogateway_stripe.php:893"
stripe,translated,,"Accept payments in Stripe (Stripe Checkout)","Aceptar pagos en Stripe (Stripe Checkout)","classes/gateways/class.pmprogateway_stripe.php:541 classes/gateways/class.pmprogateway_stripe.php:897"
stripe,translated,,"Accept payments on this site","Acepta pagos en este sitio","classes/gateways/class.pmprogateway_stripe.php:542 classes/gateways/class.pmprogateway_stripe.php:898"
stripe,translated,,"Embed the payment information fields on your Membership Checkout page or use the Stripe-hosted payment page (Stripe Checkout). If using Stripe Checkout, be sure that all webhook events listed above are set up in Stripe.","Incrusta los campos de información de pago en tu página de pago de membresía o utiliza la página de pago alojada en Stripe (Stripe Checkout). Si utilizas Stripe Checkout, asegúrate de que todos los eventos de webhook enumerados anteriormente están configurados en Stripe.","classes/gateways/class.pmprogateway_stripe.php:544 classes/gateways/class.pmprogateway_stripe.php:900"
stripe,translated,,"Show Billing Address Fields in PMPro Checkout Form","Mostrar campos de dirección de facturación en el formulario de pago de PMPro","classes/gateways/class.pmprogateway_stripe.php:549 classes/gateways/class.pmprogateway_stripe.php:953"
stripe,missing,,"Stripe doesn't require billing address fields. Choose 'No' to hide them on the checkout page.<br /><strong>If No, make sure you disable address verification in your <a target=""_blank"" href=""%s"">Stripe Radar rules</a>.</strong>",,"classes/gateways/class.pmprogateway_stripe.php:558 classes/gateways/class.pmprogateway_stripe.php:962"
stripe,translated,,"Show Payment Request Button for On-Site Payments","Mostrar botón de solicitud de pago para pagos en el sitio","classes/gateways/class.pmprogateway_stripe.php:563 classes/gateways/class.pmprogateway_stripe.php:905"
stripe,translated,,"Allow users to pay using Apple Pay, Google Pay, or Microsoft Pay depending on their browser. When enabled, your domain will automatically be registered with Apple and a domain association file will be hosted on your site. <a target=""_blank"" href=""%s"" title=""More Information about the domain association file for Apple Pay"">More Information</a>","Permite que los usuarios paguen mediante Apple Pay, Google Pay o Microsoft Pay según su navegador. Cuando está activado, tu dominio se registrará automáticamente con Apple y se alojará un archivo de asociación de dominio en tu sitio. <a target=""_blank"" href=""%s"" title=""Más información sobre el archivo de asociación de dominio de Apple Pay"">Más información</a>","classes/gateways/class.pmprogateway_stripe.php:581 classes/gateways/class.pmprogateway_stripe.php:923"
stripe,translated,,"This webpage is being served over HTTP, but the Stripe Payment Request Button will only work on pages being served over HTTPS. To resolve this, you must <a target=""_blank"" href=""%s"" title=""Configuring WordPress to Always Use HTTPS/SSL"">set up WordPress to always use HTTPS</a>.","Esta página web se publica a través de HTTP, pero el botón de solicitud de pago de Stripe solo funcionará en las páginas que se publican a través de HTTPS. Para resolver esto, tienes que <a target=""_blank"" href=""%s"" title=""Configurar WordPress para usar siempre HTTPS/SSL"">configurar WordPress para usar siempre HTTPS</a>.","classes/gateways/class.pmprogateway_stripe.php:594 classes/gateways/class.pmprogateway_stripe.php:936"
stripe,translated,,"Your domain could not be registered with Apple to enable Apple Pay. Please try <a target=""_blank"" href=""%s"" title=""Apple Pay Settings Page in Stripe"">registering your domain manually from the Apple Pay settings page in Stripe</a>.","Tu dominio no se ha podido registrar con Apple para activar Apple Pay. Intenta <a target=""_blank"" href=""%s"" title=""Página de ajustes de Apple Pay en Stripe"">registrar tu dominio manualmente desde la página de ajustes de Apple Pay en Stripe</a>.","classes/gateways/class.pmprogateway_stripe.php:596 classes/gateways/class.pmprogateway_stripe.php:938"
stripe,translated,,"Collect Billing Address in Stripe Checkout","Recoger la dirección de facturación en Stripe Checkout","classes/gateways/class.pmprogateway_stripe.php:611 classes/gateways/class.pmprogateway_stripe.php:967"
stripe,translated,,"Only when necessary","Solo cuando sea necesario","classes/gateways/class.pmprogateway_stripe.php:615 classes/gateways/class.pmprogateway_stripe.php:971"
stripe,translated,,Always,Siempre,"classes/gateways/class.pmprogateway_stripe.php:616 classes/gateways/class.pmprogateway_stripe.php:972"
stripe,translated,,"Calculate Tax in Stripe Checkout","Calcular los impuestos en Stripe Checkout","classes/gateways/class.pmprogateway_stripe.php:622 classes/gateways/class.pmprogateway_stripe.php:978"
stripe,translated,,"Do not calculate tax","No calcular impuestos","classes/gateways/class.pmprogateway_stripe.php:626 classes/gateways/class.pmprogateway_stripe.php:982"
stripe,translated,,"Membership price includes tax","El precio de la membresía incluye los impuestos","classes/gateways/class.pmprogateway_stripe.php:627 classes/gateways/class.pmprogateway_stripe.php:983"
stripe,translated,,"Calculate tax on top of membership price","Calcular los impuestos sobre el precio de membresía","classes/gateways/class.pmprogateway_stripe.php:628 classes/gateways/class.pmprogateway_stripe.php:984"
stripe,translated,,"Stripe Tax is only available when using Stripe Checkout (the Stripe-hosted payment page). You must <a target=""_blank"" href=""%1$s"">activate Stripe Tax</a> in your Stripe dashboard. <a target=""_blank"" href=""%2$s"">More information about Stripe Tax »</a>","Stripe Tax solo está disponible al usar Stripe Checkout (la página de pago alojada por Stripe). Debes <a target=""_blank"" href=""%1$s"">activar Stripe Tax</a> en tu panel de Stripe. <a target=""_blank"" href=""%2$s"">Más información sobre Stripe Tax »</a>","classes/gateways/class.pmprogateway_stripe.php:639 classes/gateways/class.pmprogateway_stripe.php:995"
stripe,translated,,"Collect Tax IDs in Stripe Checkout","Recopilar IDs de impuestos (NIF) en Stripe Checkout","classes/gateways/class.pmprogateway_stripe.php:644 classes/gateways/class.pmprogateway_stripe.php:1000"
stripe,translated,,"No, do not collect tax IDs.","No, no recoger IDs fiscales.","classes/gateways/class.pmprogateway_stripe.php:648 classes/gateways/class.pmprogateway_stripe.php:1004"
stripe,translated,,"Yes, collect tax IDs.","Sí, recoger IDs fiscales.","classes/gateways/class.pmprogateway_stripe.php:649 classes/gateways/class.pmprogateway_stripe.php:1005"
stripe,translated,,"Tax IDs are only collected if you have enabled Stripe Tax. Stripe only performs automatic validation for ABN, EU VAT, and GB VAT numbers. You must verify that provided tax IDs are valid during the Session for all other numbers.","Los IDs fiscales solo se recogen si has activado Stripe Tax. Stripe solo realiza la validación automática de los números ABN, EU VAT y GB VAT. Tienes que verificar que los IDs fiscales proporcionados sean válidos durante la sesión para todos los demás números.","classes/gateways/class.pmprogateway_stripe.php:651 classes/gateways/class.pmprogateway_stripe.php:1007"
stripe,missing,,"Stripe documentation",,classes/gateways/class.pmprogateway_stripe.php:670
stripe,missing,,"Stripe Webhook",,classes/gateways/class.pmprogateway_stripe.php:684
stripe,missing,,"You must connect to Stripe before you can set up a webhook.",,classes/gateways/class.pmprogateway_stripe.php:691
stripe,missing,,"Stripe Payment Settings",,classes/gateways/class.pmprogateway_stripe.php:885
stripe,translated,,"You do not have permission to perform this action.","No tienes permisos para realizar esta acción.","classes/gateways/class.pmprogateway_stripe.php:1085 includes/compatibility/lifterlms.php:729"
stripe,missing,,"Your session has expired. Please refresh and try again.",,classes/gateways/class.pmprogateway_stripe.php:1100
stripe,translated,,"Webhook creation failed. You might already have a webhook set up.","Ha fallado la creación del webhook. Puede que ya tengas un webhook configurado.",classes/gateways/class.pmprogateway_stripe.php:1127
stripe,translated,,"There was an error deleting the webhook.","Ha habido un error al borrar el webhook.",classes/gateways/class.pmprogateway_stripe.php:1170
stripe,translated,,"Webhook creation failed. Please refresh and try again.","Ha fallado la creación del webhook. Por favor, refresca la página e inténtalo de nuevo.",classes/gateways/class.pmprogateway_stripe.php:1200
stripe,missing,,"There was a problem connecting to the payment gateway. Please reload this page and try again.",,classes/gateways/class.pmprogateway_stripe.php:1243
stripe,translated,,"Verification steps confirmed. Your payment is processing.","Pasos de verificación confirmados. Tu pago se está procesando.",classes/gateways/class.pmprogateway_stripe.php:1247
stripe,translated,,"Pay with Credit Card","Pagar con tarjeta de crédito",classes/gateways/class.pmprogateway_stripe.php:1389
stripe,translated,,"Credit Card","Tarjeta de crédito",classes/gateways/class.pmprogateway_stripe.php:1389
stripe,translated,,CVC,CVC,classes/gateways/class.pmprogateway_stripe.php:1412
stripe,translated,,"Stripe Customer","Cliente de Stripe",classes/gateways/class.pmprogateway_stripe.php:1472
stripe,translated,,"Edit customer in Stripe","Editar cliente en Stripe",classes/gateways/class.pmprogateway_stripe.php:1474
stripe,translated,,"Invalid response from the Stripe Connect server.","Respuesta no válida del servidor de Stripe Connect.",classes/gateways/class.pmprogateway_stripe.php:1594
stripe,translated,,"<strong>Error:</strong> PMPro could not connect to the Stripe API. Reason: %s","<strong>Error:</strong> PMPro no ha podido conectarse a la API de Stripe. Razón: %s",classes/gateways/class.pmprogateway_stripe.php:1632
stripe,translated,,"<strong>Error:</strong> PMPro could not disconnect from the Stripe API. Reason: %s","<strong>Error:</strong> PMPro no ha podido desconectarse de la API de Stripe. Razón: %s",classes/gateways/class.pmprogateway_stripe.php:1677
stripe,translated,,"Important Notice: Your Stripe Webhook Is Disabled or Not Configured","Aviso importante: Tu Webhook de Stripe está desactivado o no está configurado",classes/gateways/class.pmprogateway_stripe.php:1743
stripe,translated,,"A valid Stripe webhook is required for your membership checkout to communicate with your payment gateway. We have detected that your Stripe webhook is either disabled or not configured for this website.","Se necesita un webhook de Stripe válido para que los pagos de tu suscripción se comuniquen con tu pasarela de pago. Hemos detectado que tu webhook de Stripe está desactivado o no está configurado para este sitio web.",classes/gateways/class.pmprogateway_stripe.php:1746
stripe,translated,,"Set up webhooks now","Configurar los webhooks",classes/gateways/class.pmprogateway_stripe.php:1748
stripe,translated,,"Important Notice: Stripe Webhooks Are Disabled","Aviso importante: Los Webhooks de Stripe están desactivados",classes/gateways/class.pmprogateway_stripe.php:1757
stripe,translated,,"In order for Stripe to function properly, there must be a Stripe Webhook configured for this website.","Para que Stripe funcione correctamente, debe haber un Webhook de Stripe configurado para esta web.","classes/gateways/class.pmprogateway_stripe.php:1760 classes/gateways/class.pmprogateway_stripe.php:1811"
stripe,translated,,"Enable webhooks now","Activar los webhooks",classes/gateways/class.pmprogateway_stripe.php:1762
stripe,translated,,"Next Step: Register a Stripe Webhook.","Siguiente paso: Registra un Webhook de Stripe.",classes/gateways/class.pmprogateway_stripe.php:1808
stripe,translated,,"Here's how to create a webhook endpoint in your Stripe dashboard","A continuación te explicamos cómo crear un punto final de webhook en tu panel de control de Stripe",classes/gateways/class.pmprogateway_stripe.php:1812
stripe,translated,,"Open the %s page in your Stripe dashboard","Abre la página %s en tu panel de control de Stripe",classes/gateways/class.pmprogateway_stripe.php:1818
stripe,translated,,Webhooks,Webhooks,classes/gateways/class.pmprogateway_stripe.php:1819
stripe,translated,,"Click ""Add an endpoint""","Haz clic en «Add an endpoint»",classes/gateways/class.pmprogateway_stripe.php:1823
stripe,translated,,"Paste the following value into the ""Endpoint URL"" field:","Pega el siguiente valor en el campo «Endpoint URL»:",classes/gateways/class.pmprogateway_stripe.php:1825
stripe,translated,,"Select the following events to listen to:","Selecciona los siguientes eventos para escucharlos:",classes/gateways/class.pmprogateway_stripe.php:1829
stripe,translated,,"Click ""Add endpoint"" to save your webhook","Haz clic en «Add endpoint» para guardar tu webhook",classes/gateways/class.pmprogateway_stripe.php:1839
stripe,translated,,"You must complete these steps for both the Sandbox/Testing and Live/Production modes if you intend to use Stripe for testing.","Debes completar estos pasos tanto para el modo sandbox/pruebas como para el modo en vivo/producción si pretendes utilizar Stripe para realizar pruebas.",classes/gateways/class.pmprogateway_stripe.php:1842
stripe,translated,,"I Have Set Up My Webhooks","He configurado mis webhooks",classes/gateways/class.pmprogateway_stripe.php:1845
stripe,translated,,"Your previous order has not yet been processed. Submitting your payment again will cause a separate charge to be initiated.","Aún no se ha procesado tu anterior pedido. Si vuelves a realizar el pago, se iniciará un nuevo cargo.",classes/gateways/class.pmprogateway_stripe.php:2056
stripe,translated,,"Could not get customer. ","No se ha podido obtener el cliente. ",classes/gateways/class.pmprogateway_stripe.php:2092
stripe,translated,,"Could not get product ID.","No se ha podido obtener el ID del producto.",classes/gateways/class.pmprogateway_stripe.php:2101
stripe,translated,,"Could not get price for initial payment. ","No se ha podido obtener el precio del pago inicial. ",classes/gateways/class.pmprogateway_stripe.php:2134
stripe,translated,,"Could not get price for recurring payment. ","No se ha podido obtener el precio del pago periódico. ",classes/gateways/class.pmprogateway_stripe.php:2160
stripe,translated,,"Could not create checkout session. ","No se ha podido crear la sesión de pago. ","classes/gateways/class.pmprogateway_stripe.php:2232 classes/gateways/class.pmprogateway_stripe.php:2236"
stripe,translated,,"User is not logged in.","El usuario no está conectado.",classes/gateways/class.pmprogateway_stripe.php:2271
stripe,translated,,"Could not get Stripe customer for user.","No se ha podido obtener el cliente de Stripe para el usuario.",classes/gateways/class.pmprogateway_stripe.php:2279
stripe,translated,,"Could not get Customer Portal URL. This feature may not be set up in Stripe.","No se ha podido obtener la URL del portal del cliente. Es posible que esta característica no esté configurada en Stripe.",classes/gateways/class.pmprogateway_stripe.php:2290
stripe,translated,,"Please contact the site administrator.","Ponte en contacto con el administrador del sitio, por favor.",classes/gateways/class.pmprogateway_stripe.php:2295
stripe,translated,,"Error processing payment intent.","Error al procesar la intención de pago.",classes/gateways/class.pmprogateway_stripe.php:2326
stripe,translated,,"Error retrieving payment method.","Error al recuperar el método de pago.","classes/gateways/class.pmprogateway_stripe.php:2348 classes/gateways/class.pmprogateway_stripe.php:2618"
stripe,translated,,"Error creating subscription for customer.","Error al crear la suscripción para el cliente.",classes/gateways/class.pmprogateway_stripe.php:2395
stripe,translated,,"No subscription transaction ID.","No hay ID de transacción de la suscripción.",classes/gateways/class.pmprogateway_stripe.php:2604
stripe,translated,,"Could not cancel old subscription.","No se ha podido cancelar la suscripción antigua.",classes/gateways/class.pmprogateway_stripe.php:2691
stripe,translated,,"Could not find the customer.","No se ha podido encontrar al cliente.",classes/gateways/class.pmprogateway_stripe.php:2707
stripe,translated,,"Stripe login credentials are not set.","Las credenciales de acceso de Stripe no están configuradas.",classes/gateways/class.pmprogateway_stripe.php:2723
stripe,missing,,"Subscription customer ID does not match user's Stripe customer ID.",,classes/gateways/class.pmprogateway_stripe.php:2773
stripe,missing,,"Manage billing",,classes/gateways/class.pmprogateway_stripe.php:2810
stripe,translated,,"Stripe Connect Settings","Ajustes de conexión a Stripe",classes/gateways/class.pmprogateway_stripe.php:2875
stripe,translated,,"Live Mode:","Modo en vivo:","classes/gateways/class.pmprogateway_stripe.php:2878 classes/gateways/class.pmprogateway_stripe.php:3017"
stripe,translated,,"Test Mode:","Modo de prueba:","classes/gateways/class.pmprogateway_stripe.php:2878 classes/gateways/class.pmprogateway_stripe.php:3017"
stripe,translated,,"Connected with Legacy Keys","Conectado con las claves heredadas","classes/gateways/class.pmprogateway_stripe.php:2880 classes/gateways/class.pmprogateway_stripe.php:3019"
stripe,translated,,"Connected with API Keys","Conectado con claves de API","classes/gateways/class.pmprogateway_stripe.php:2882 classes/gateways/class.pmprogateway_stripe.php:3021"
stripe,translated,,Connected,Conectado,"classes/gateways/class.pmprogateway_stripe.php:2884 classes/gateways/class.pmprogateway_stripe.php:3023"
stripe,translated,,"Not Connected","No conectado","classes/gateways/class.pmprogateway_stripe.php:2886 classes/gateways/class.pmprogateway_stripe.php:3025"
stripe,translated,,"Your site is using legacy API keys to authenticate with Stripe.","Tu sitio está usando claves API heredadas para identificarse con Stripe.","classes/gateways/class.pmprogateway_stripe.php:2894 classes/gateways/class.pmprogateway_stripe.php:3037"
stripe,translated,,"Legacy API keys will eventually no longer be supported. To continue processing payments with Stripe, you may connect via Stripe Connect below or connect using ""restricted API keys"".","Con el tiempo, las claves API heredadas dejarán de recibir soporte. Para seguir procesando pagos con Stripe, puedes conectarte a través de Stripe Connect a continuación o conectarte utilizando «claves de API restringidas».","classes/gateways/class.pmprogateway_stripe.php:2895 classes/gateways/class.pmprogateway_stripe.php:3038"
stripe,translated,,"Read the documentation on switching to Stripe Connect","Lea la documentación sobre el cambio a Stripe Connect","classes/gateways/class.pmprogateway_stripe.php:2896 classes/gateways/class.pmprogateway_stripe.php:3039"
stripe,translated,,"Your site is using API keys to authenticate with Stripe.","Tu sitio está utilizando claves de API para identificarse en Stripe.","classes/gateways/class.pmprogateway_stripe.php:2902 classes/gateways/class.pmprogateway_stripe.php:3049"
stripe,translated,,"In order to complete the transition to using Stripe API keys, please click the ""Disconnect from Stripe"" button below.","Para completar la transición al uso de las claves API heredadas de Stripe, haz clic en el botón «Desconectar de Stripe» que aparece a continuación.","classes/gateways/class.pmprogateway_stripe.php:2903 classes/gateways/class.pmprogateway_stripe.php:3050"
stripe,translated,,"Stripe Connection","Conección con Stripe","classes/gateways/class.pmprogateway_stripe.php:2911 classes/gateways/class.pmprogateway_stripe.php:3058"
stripe,translated,,"Disconnect From Stripe","Desconectar de Stripe","classes/gateways/class.pmprogateway_stripe.php:2927 classes/gateways/class.pmprogateway_stripe.php:3074"
stripe,translated,,"This will disconnect all sites using this Stripe account from Stripe. Users will not be able to complete membership checkout or update their billing information. Existing subscriptions will not be affected at the gateway, but new recurring orders will not be created in this site.","Esto desconectará de Stripe todos los sitios que usen esta cuenta de Stripe. Los usuarios no podrán completar el pago de la membresía ni actualizar su información de facturación. Las suscripciones existentes no se verán afectadas en la pasarela, pero no se crearán nuevos pedidos periódicos en este sitio.","classes/gateways/class.pmprogateway_stripe.php:2931 classes/gateways/class.pmprogateway_stripe.php:3078"
stripe,translated,,"This will disconnect all sites using this Stripe account from Stripe in test mode only.","Esto desconectará todos los sitios que usan esta cuenta de Stripe de Stripe solo en modo de prueba.","classes/gateways/class.pmprogateway_stripe.php:2933 classes/gateways/class.pmprogateway_stripe.php:3080"
stripe,translated,,"Connect with Stripe","Conectar con Stripe","classes/gateways/class.pmprogateway_stripe.php:2948 classes/gateways/class.pmprogateway_stripe.php:3095"
stripe,translated,,"Note: You have a valid license and are not charged additional platform fees for payment processing.","Nota: Tienes una licencia válida y no se te cobrarán cuotas de plataforma adicionales por el procesamiento de pagos.","classes/gateways/class.pmprogateway_stripe.php:2955 classes/gateways/class.pmprogateway_stripe.php:3105"
stripe,translated,,"Note: You are using the free Stripe payment gateway integration. This includes an additional %s fee for payment processing. This fee is removed by activating a premium PMPro license.","Nota: Estás usando la integración gratuita de la pasarela de pago de Stripe. Esto incluye una cuota adicional del %s por el procesamiento de pagos. Esta cuota se elimina al activar una licencia de PMPro premium.","classes/gateways/class.pmprogateway_stripe.php:2960 classes/gateways/class.pmprogateway_stripe.php:3109"
stripe,translated,,"Note: You are using the free Stripe payment gateway integration. There is no additional fee for payment processing above what Stripe charges.","Nota: Estás utilizando la integración gratuita de la pasarela de pago Stripe. No hay ninguna tarifa adicional para el procesamiento de pagos por encima de lo que cobre Stripe.","classes/gateways/class.pmprogateway_stripe.php:2962 classes/gateways/class.pmprogateway_stripe.php:3111"
stripe,missing,,"Stripe Connection (Live)",,classes/gateways/class.pmprogateway_stripe.php:3003
stripe,missing,,"Stripe Connection (Test)",,classes/gateways/class.pmprogateway_stripe.php:3003
stripe,missing,,"Restricted Key",,classes/gateways/class.pmprogateway_stripe.php:3171
stripe,translated,,"Error updating customer record with Stripe.","Error al actualizar el registro del cliente con Stripe.",classes/gateways/class.pmprogateway_stripe.php:3345
stripe,translated,,"Error creating customer record with Stripe.","Error al crear el registro del cliente con Stripe.",classes/gateways/class.pmprogateway_stripe.php:3356
stripe,translated,,"Could not create price.","No se ha podido crear el precio.",classes/gateways/class.pmprogateway_stripe.php:3647
stripe,translated,,"Cannot find product for membership level.","No se puede encontrar el producto para el nivel de membresía.",classes/gateways/class.pmprogateway_stripe.php:3704
stripe,translated,,"Cannot get price.","No se puede obtener el precio.",classes/gateways/class.pmprogateway_stripe.php:3710
stripe,translated,,"Cannot find payment method.","No se ha encontrado el método de pago.",classes/gateways/class.pmprogateway_stripe.php:3716
stripe,missing,,"This payment does not match the amount due for this checkout.",,classes/gateways/class.pmprogateway_stripe.php:3796
stripe,translated,,"Customer authentication is required to finish setting up your subscription. Please complete the verification steps issued by your payment provider.","Para finalizar la configuración de tu suscripción, es necesaria la identificación como cliente. Por favor, complete los pasos de verificación emitidos por tu proveedor de pago.",classes/gateways/class.pmprogateway_stripe.php:3818
stripe,translated,,"Customer authentication is required to complete this transaction. Please complete the verification steps issued by your payment provider.","Para finalizar esta transacción, es necesaria la identificación del cliente. Por favor, completa los pasos de verificación emitidos por tu proveedor de pago.",classes/gateways/class.pmprogateway_stripe.php:4276
stripe,translated,,"Admin: An error occurred while attempting to process this refund.","Administrador: Se ha producido un error al intentar procesar este reembolso.",classes/gateways/class.pmprogateway_stripe.php:4696
stripe,translated,,"Admin: There was a problem processing the refund","Administración: Ha habido un problema al procesar el reembolso","classes/gateways/class.pmprogateway_stripe.php:4700 classes/gateways/class.pmprogateway_stripe.php:4702"
stripe,translated,,"This is not a token order.","Este no es un pedido token",classes/gateways/class.pmprogateway_stripe.php:4719
stripe,translated,,"No checkout session ID found.","No se encontró el ID de la sesión de pago.",classes/gateways/class.pmprogateway_stripe.php:4725
stripe,translated,,"Could not retrieve checkout session: ","No se pudo recuperar la sesión de pago: ","classes/gateways/class.pmprogateway_stripe.php:4732 classes/gateways/class.pmprogateway_stripe.php:4734 classes/gateways/class.pmprogateway_stripe.php:4736"
stripe,translated,,"Payment is still pending.","El pago aún está pendiente.",classes/gateways/class.pmprogateway_stripe.php:4741
stripe,translated,,"Checkout session has not yet been completed.","La sesión de pago no ha sido completada.",classes/gateways/class.pmprogateway_stripe.php:4746
flujo_comun,translated,,"No file was uploaded.","No se ha subido ningún archivo.","includes/avatars.php:314 includes/avatars.php:325 includes/functions.php:5233"
flujo_comun,translated,,"Invalid file type.","Tipo de archivo no válido.","includes/avatars.php:356 includes/functions.php:5246 includes/functions.php:5261"
paginas,translated,,"View Your Membership Account &rarr;","Ver tu cuenta de miembro &rarr;","includes/avatars.php:1158 includes/profile.php:1087 includes/profile.php:1259 pages/billing.php:590 pages/cancel.php:175 pages/cancel.php:192 pages/confirmation.php:135 pages/invoice.php:462"
flujo_comun,missing,,"Warning: Could not load the checkout data for this order (%s). Information submitted during checkout may not have been saved.",,includes/checkout.php:199
flujo_comun,translated,,"Discount codes should be set on the $pmpro_level object.","Los códigos de descuento deben ser establecidos en el objeto $pmpro_level.",includes/checkout.php:267
flujo_comun,translated,,"Template Saved","Plantilla guardada",includes/email.php:216
flujo_comun,translated,,"THIS IS A TEST EMAIL","ESTE ES UN CORREO ELECTRÓNICO DE PRUEBA",includes/email.php:315
flujo_comun,translated,,"The new level is %s.","El nuevo nivel es %s.",includes/email.php:379
flujo_comun,translated,,"This membership does not expire.","Esta membresía no caduca.",includes/email.php:389
flujo_comun,missing,,"PMPro SMTP (%s)",,includes/email.php:578
flujo_comun,missing,,"SMTP (wp-config.php)",,includes/email.php:683
flujo_comun,missing,,"Unknown / WordPress default (PHP mail)",,includes/email.php:705
flujo_comun,translated,,"The price for membership is <strong>%s</strong> now","El precio de la membresía ahora es <strong>%s</strong>","includes/functions.php:348 includes/functions.php:481"
flujo_comun,translated,,"<strong>%s</strong> now","<strong>%s</strong> ahora","includes/functions.php:354 includes/functions.php:484"
flujo_comun,translated,," and then <strong>%1$s per %2$s for %3$d more %4$s</strong>."," y, después, <strong>%1$s por %2$s, por %3$d %4$s más</strong>.",includes/functions.php:363
flujo_comun,translated,," and then <strong>%1$s every %2$d %3$s for %4$d more payments</strong>."," y, después, <strong>%1$s cada %2$d %3$s, por %4$d pagos más</strong>.",includes/functions.php:366
flujo_comun,translated,," and then <strong>%1$s after %2$d %3$s</strong>."," y luego <strong>%1$s después de %2$d %3$s</strong>.",includes/functions.php:370
flujo_comun,translated,,"The price for membership is <strong>%1$s per %2$s</strong>.","El precio de la membresía es de <strong>%1$s por %2$s</strong>.",includes/functions.php:376
flujo_comun,translated,,"<strong>%1$s per %2$s</strong>.","<strong>%1$s por %2$s</strong>.",includes/functions.php:379
flujo_comun,translated,,"The price for membership is <strong>%1$s every %2$d %3$s</strong>.","El precio de la membresía es de <strong>%1$s cada %2$d %3$s</strong>.",includes/functions.php:384
flujo_comun,translated,,"<strong>%1$s every %2$d %3$s</strong>.","<strong>%1$s cada %2$d %3$s</strong>.",includes/functions.php:387
flujo_comun,translated,," and then <strong>%1$s per %2$s</strong>."," y después <strong>%1$s por %2$s</strong>.",includes/functions.php:393
flujo_comun,translated,," and then <strong>%1$s every %2$d %3$s</strong>."," y, después, <strong>%1$s cada %2$d %3$s</strong>.",includes/functions.php:396
flujo_comun,translated,,"After your initial payment, your first payment is Free.","Después de tu pago inicial, tu primer pago no tiene coste.",includes/functions.php:411
flujo_comun,translated,,"After your initial payment, your first %d payments are Free.","Después de tu pago inicial, tus primeros %d pagos son gratuitos.",includes/functions.php:414
flujo_comun,translated,,"After your initial payment, your first payment will cost %s.","Después de tu pago inicial, tu primer pago costará %s.",includes/functions.php:419
flujo_comun,translated,,"After your initial payment, your first %1$d payments will cost %2$s.","Después de tu pago inicial, tus primeros %1$d pagos costarán %2$s.",includes/functions.php:422
flujo_comun,translated,,"Customers in %1$s will be charged %2$s%% tax.","A los clientes en %1$s se les cobrará un %2$s%% de impuestos.","includes/functions.php:433 includes/functions.php:545"
flujo_comun,translated,,"<strong>%1$s per %2$s for %3$d more %4$s</strong>","<strong>%1$s por %2$s, por %3$d %4$s más</strong>",includes/functions.php:496
flujo_comun,translated,,"<strong>%1$s every %2$d %3$s for %4$d more payments</strong>","<strong>%1$s cada %2$d %3$s, por %4$d pagos más</strong>",includes/functions.php:499
flujo_comun,translated,,"<strong>%1$s after %2$d %3$s</strong>","<strong>%1$s después de %2$d %3$s</strong>",includes/functions.php:503
flujo_comun,translated,,"<strong>%1$s every %2$s</strong>","<strong>%1$s cada %2$s</strong>",includes/functions.php:507
flujo_comun,translated,,"<strong>%1$s every %2$d %3$s</strong>","<strong>%1$s cada %2$d %3$s</strong>",includes/functions.php:510
flujo_comun,translated,,"Trial pricing has been applied to the first payment.","El precio del periodo de prueba se ha aplicado al primer pago.",includes/functions.php:532
flujo_comun,translated,,"Trial pricing has been applied to the first %d payments.","El precio del periodo de prueba se ha aplicado a los primeros %d pagos.",includes/functions.php:535
flujo_comun,translated,,"Membership expires after %1$d %2$s.","La membresía caduca después de %1$d %2$s.",includes/functions.php:568
flujo_comun,translated,,"%1$s membership expires after %2$d %3$s","La membresía %1$s caduca después de %2$d %3$s",includes/functions.php:592
flujo_comun,translated,"A dash is shown when there is no expiration date.",&#8212;,&#8212;,includes/functions.php:681
flujo_comun,translated,,"User ID not found.","ID de usuario no encontrado.","includes/functions.php:1207 includes/functions.php:1292"
flujo_comun,translated,,"Error interacting with database","Error al interactuar con la base de datos",includes/functions.php:1238
flujo_comun,translated,,"The $cancel_level parameter is deprecated. Use pmpro_cancelMembershipLevel() instead.","El parámetro $cancel_level está obsoleto. En su lugar, usa pmpro_cancelMembershipLevel().",includes/functions.php:1307
flujo_comun,translated,,"The pmpro_cancelMembershipLevel() function should be used to cancel membership levels.","Debería utilizarse la función pmpro_cancelMembershipLevel() para cancelar niveles de membresía.",includes/functions.php:1313
flujo_comun,translated,,"No membership_id specified in pmpro_changeMembershipLevel().","No se ha especificado membership_id en pmpro_changeMembershipLevel().",includes/functions.php:1335
flujo_comun,translated,,"Invalid level parameter passed to pmpro_changeMembershipLevel().","Parámetro level no válido pasado a pmpro_changeMembershipLevel().",includes/functions.php:1344
flujo_comun,translated,,"Invalid level.","Nivel no válido.",includes/functions.php:1350
flujo_comun,translated,,"Error interacting with database: %s","Error al interactuar con la base de datos: %s",includes/functions.php:1462
flujo_comun,translated,,"Membership level not found.","Nivel de membresía no encontrado.","includes/functions.php:1638 includes/functions.php:1677 shortcodes/pmpro_membership_level.php:49"
flujo_comun,missing,,Pagination,,includes/functions.php:1834
flujo_comun,missing,,"Go to the previous page",,includes/functions.php:1850
flujo_comun,missing,,Previous,,"includes/functions.php:1850 includes/functions.php:1852"
flujo_comun,missing,,"Page %s",,"includes/functions.php:1863 includes/functions.php:1875 includes/functions.php:1881 includes/functions.php:1884 includes/functions.php:1898 includes/functions.php:1904 includes/functions.php:1907 includes/functions.php:1921"
flujo_comun,missing,,"Page 1",,"includes/functions.php:1888 includes/functions.php:1911"
flujo_comun,missing,,"Page 2",,"includes/functions.php:1890 includes/functions.php:1913"
flujo_comun,missing,,"Go to the next page",,includes/functions.php:1930
flujo_comun,missing,,Next,,"includes/functions.php:1930 includes/functions.php:1932"
flujo_comun,translated,,"No code was given to check.","Código para verificar no encontrado.",includes/functions.php:2132
flujo_comun,translated,,"The discount code could not be found.","No se ha podido encontrar el código de descuento.",includes/functions.php:2141
flujo_comun,translated,,"This discount code goes into effect on %s.","El código de descuento entra en efecto en %s.",includes/functions.php:2157
flujo_comun,translated,,"This discount code expired on %s.","El código de descuento ha caducado en %s.",includes/functions.php:2165
flujo_comun,translated,,"This discount code is no longer valid.","Este código de descuento ya no es válido.",includes/functions.php:2174
flujo_comun,missing,,"You have already used the discount code provided.",,includes/functions.php:2184
flujo_comun,translated,,"This discount code does not apply to this membership level.","Este código de descuento no se puede aplicar a este nivel de membresía.",includes/functions.php:2203
flujo_comun,translated,,"This discount code is okay.","El código de descuento es válido.",includes/functions.php:2241
flujo_comun,translated,,and,y,includes/functions.php:2275
flujo_comun,translated,,"This content is for members only. Visit the site and log in/register to read.","Este contenido es solo para miembros. Visita el sitio e inicia sesión / regístrate para leerlo.",includes/functions.php:2356
flujo_comun,translated,,"Membership Required","Membresía requerida",includes/functions.php:2376
flujo_comun,translated,," You must be a member to access this content."," Debes ser miembro para acceder a este contenido.",includes/functions.php:2377
flujo_comun,translated,,"!!levels!! Membership Required","Membresía obligatoria de !!levels!!",includes/functions.php:2383
flujo_comun,translated,," You must be a !!levels!! member to access this content."," Debes ser miembro de !!levels!! para acceder a este contenido.",includes/functions.php:2384
flujo_comun,translated,,"Join Now","Únete ahora","includes/functions.php:2386 includes/login.php:862"
flujo_comun,translated,,"Already a member?","¿Ya eres miembro?",includes/functions.php:2432
paginas,translated,,"Log in here","Accede aquí","includes/functions.php:2432 pages/checkout.php:360"
flujo_comun,translated,,"Log in here","Accede aquí","includes/functions.php:2432 pages/checkout.php:360"
flujo_comun,translated,,"Sign Up for !!name!! Now","Regístrate en !!name!! ya",includes/functions.php:2984
flujo_comun,translated,,"Sign Up Now","Regístrate ahora",includes/functions.php:3008
flujo_comun,translated,,Subtotal,Subtotal,includes/functions.php:3466
flujo_comun,translated,,"The $field argument is deprecated. The sanitization logic is now built into the PMPro_Field class.","El parámetro $field está obsoleto. La lógica de sanitización está ahora incluida en la clase PMPro_Field",includes/functions.php:4056
flujo_comun,missing,,"Reading webhook status via pmpro_doing_webhook() is deprecated and will be removed in a future version of Paid Memberships Pro.",,includes/functions.php:4400
flujo_comun,missing,,"Liquid autocomplete",,includes/functions.php:4518
flujo_comun,missing,,"Liquid Tags",,includes/functions.php:4519
flujo_comun,missing,,"Show content when a condition is true",,includes/functions.php:4614
flujo_comun,missing,,"Add another condition inside an if block",,includes/functions.php:4620
flujo_comun,missing,,"Add fallback content inside an if block",,includes/functions.php:4626
flujo_comun,missing,,"Close an if block",,includes/functions.php:4632
flujo_comun,translated,,"No file name found.","No se ha encontrado ningún nombre de archivo.",includes/functions.php:5239
flujo_comun,translated,,"Invalid field input.","Campo de entrada no válido.",includes/functions.php:5255
flujo_comun,translated,,"Invalid file type. Please try uploading the file type(s): %s","Tipo de archivo no válido. Intenta subir el tipo o tipos de archivo: %s",includes/functions.php:5275
flujo_comun,translated,,"File size is too large for %s. Please upload files smaller than %dMB.","El tamaño del archivo es demasiado grande para %s. Por favor, sube archivos de tamaño inferior a %dMB.",includes/functions.php:5283
flujo_comun,translated,,"Invalid file submission.","Envío de archivo no válido.",includes/functions.php:5297
flujo_comun,translated,,"Order not found.","Pedido no encontrado",includes/functions.php:5472
flujo_comun,translated,,"Order is not a token order.","Este pedido no es uno token",includes/functions.php:5477
flujo_comun,translated,,"Order gateway not found.","No se ha encontrado pasarela de pago para este pedido",includes/functions.php:5482
flujo_comun,translated,,Hour,Hora,includes/localization.php:32
flujo_comun,translated,,Hours,Horas,includes/localization.php:45
flujo_comun,translated,,Days,Días,includes/localization.php:47
flujo_comun,translated,,Weeks,Semanas,includes/localization.php:49
flujo_comun,translated,,Months,Meses,includes/localization.php:51
flujo_comun,translated,,Years,Años,includes/localization.php:53
flujo_comun,translated,,Welcome,Bienvenido,"includes/login.php:268 includes/login.php:292"
flujo_comun,translated,,"Lost Password","Contraseña perdida","includes/login.php:270 includes/login.php:294"
flujo_comun,translated,,"Reset Password","Restablecer la contraseña","includes/login.php:272 includes/login.php:296 includes/login.php:567 includes/login.php:838"
flujo_comun,translated,,"There was a problem with your username or password.","Ha habido un problema con tu nombre de usuario o contraseña.",includes/login.php:322
flujo_comun,translated,,"<strong>Error:</strong> The username <strong>%s</strong> is not registered on this site. If you are unsure of your username, try your email address instead.","<strong>Error:</strong> El nombre de usuario <strong>%s</strong> no está registrado en este sitio. Si no estás seguro de tu nombre de usuario, prueba con tu dirección de correo electrónico en su lugar.",includes/login.php:328
flujo_comun,translated,,"Unknown email address. Check again or try your username.","Dirección de correo electrónico desconocida. Vuelve a comprobarlo o prueba con tu nombre de usuario.",includes/login.php:334
flujo_comun,translated,,"<strong>Error:</strong> The username field is empty.","<strong>Error:</strong> el campo del nombre de usuario está vacío.",includes/login.php:338
flujo_comun,translated,,"<strong>Error:</strong> The password field is empty.","<strong>Error:</strong> el campo de la contraseña está vacío.","includes/login.php:342 includes/login.php:1025"
flujo_comun,translated,,"<strong>Error:</strong> The password you entered for the username %s is incorrect.","<strong>Error:</strong> la contraseña que has introducido para el nombre de usuario %s no es correcta.",includes/login.php:348
flujo_comun,translated,,"Lost your password?","¿Olvidaste la contraseña?",includes/login.php:352
flujo_comun,translated,,"Check your email for the confirmation link.","Comprueba tu correo electrónico para obtener el enlace de confirmación.",includes/login.php:357
flujo_comun,translated,,"You are now logged out.","Ahora estás desconectado.",includes/login.php:372
flujo_comun,translated,,"There was a problem logging you out.","Ha habido un problema al desconectarte.",includes/login.php:376
flujo_comun,translated,,"Check your email for a link to reset your password.","Comprueba tu correo electrónico para obtener un enlace para restablecer tu contraseña.",includes/login.php:387
flujo_comun,translated,,"There was an unexpected error regarding your email. Please try again","Ha habido un error inesperado relacionado con tu correo electrónico. Por favor, inténtalo de nuevo",includes/login.php:390
flujo_comun,translated,,"Your reset password key is invalid.","Tu clave de restablecimiento de contraseña no es válida.",includes/login.php:400
flujo_comun,translated,,"Your reset password key is expired, please request a new key from the password reset page.","Tu clave de restablecimiento de contraseña ha caducado, solicita una nueva clave desde la página de restablecimiento de contraseña, por favor.",includes/login.php:404
flujo_comun,translated,,"Your password has successfully been updated.","Tu contraseña se ha actualizado correctamente.",includes/login.php:416
flujo_comun,translated,,"There was a problem updating your password","Ha habido un problema al actualizar tu contraseña",includes/login.php:420
flujo_comun,translated,,"There is no account with that username or email address.","No existe ninguna cuenta con ese nombre de usuario o dirección de correo electrónico.",includes/login.php:434
flujo_comun,translated,,"Please enter a valid username.","Pro favor, introduce un nombre de usuario válido.",includes/login.php:438
flujo_comun,translated,,"You've entered an invalid email address.","Has introducido una dirección de correo electrónico no válida.",includes/login.php:442
flujo_comun,translated,,"New passwords do not match.","Las nuevas contraseñas no coinciden.","includes/login.php:446 includes/profile.php:1226"
flujo_comun,translated,,"Please complete all fields.","Por favor, completa todos los campos.","includes/login.php:450 includes/profile.php:1222"
flujo_comun,translated,,"The email could not be sent. This site may not be correctly configured to send emails.","El correo electrónico no se ha podido enviar. Puede que este sitio no esté configurado correctamente para enviar correo electrónico.",includes/login.php:454
flujo_comun,translated,,"Password Reset","Restablecer contraseña",includes/login.php:540
flujo_comun,translated,,"Please enter your username or email address. You will receive a link to create a new password via email.","Por favor, introduce tu nombre de usuario o dirección de correo electrónico. Recibirás por correo electrónico un enlace para crear una nueva contraseña.",includes/login.php:546
flujo_comun,translated,,"You are already signed in.","Ya estás conectado.",includes/login.php:579
paginas,translated,,"Show Password","Mostrar contraseña","includes/login.php:612 includes/login.php:651 includes/login.php:820 includes/profile.php:1283 includes/scripts.php:42 includes/scripts.php:84 pages/checkout.php:278"
flujo_comun,translated,,"Show Password","Mostrar contraseña","includes/login.php:612 includes/login.php:651 includes/login.php:820 includes/profile.php:1283 includes/scripts.php:42 includes/scripts.php:84 pages/checkout.php:278"
flujo_comun,translated,,"Hide Password","Ocultar contraseña","includes/login.php:642 includes/scripts.php:41 includes/scripts.php:83"
flujo_comun,translated,,"Username or Email Address","Nombre de usuario o dirección de correo electrónico",includes/login.php:670
flujo_comun,translated,,"Get New Password","Obtener una contraseña nueva",includes/login.php:686
flujo_comun,translated,,"Your password reset link appears to be invalid. Please request a new link below.","Tu enlace de restablecimiento de contraseña no es válido. Por favor, solicita un nuevo enlace a continuación.","includes/login.php:776 includes/login.php:785"
flujo_comun,translated,,"Your password reset link has expired. Please request a new link below.","Tu enlace de restablecimiento de contraseña ha caducado. Por favor, solicita un nuevo enlace a continuación.","includes/login.php:778 includes/login.php:787"
flujo_comun,translated,,"New Password","Nueva contraseña","includes/login.php:815 includes/profile.php:1291"
flujo_comun,translated,,"Confirm New Password","Confirmar la nueva contraseña","includes/login.php:827 includes/profile.php:1298"
flujo_comun,translated,,"Strength Indicator","Seguridad de la contraseña","includes/login.php:834 includes/profile.php:1305 includes/scripts.php:81"
flujo_comun,translated,,Register,Registro,includes/login.php:864
flujo_comun,translated,,"Lost Password?","¿Has perdido tu contraseña?",includes/login.php:869
flujo_comun,translated,,"Invalid Request","Solicitud no válida",includes/login.php:967
paginas,translated,,"Welcome, %s","Bienvenido, %s","includes/login.php:1104 pages/confirmation.php:106 shortcodes/pmpro_account.php:75"
flujo_comun,translated,,"Welcome, %s","Bienvenido, %s","includes/login.php:1104 pages/confirmation.php:106 shortcodes/pmpro_account.php:75"
flujo_comun,translated,,"Log Out",Salir,"includes/login.php:1141 includes/menus.php:76 includes/menus.php:79 includes/menus.php:169 shortcodes/pmpro_account.php:107"
flujo_comun,translated,,"Missing request ID.","Falta el ID de la solicitud.",includes/login.php:1175
flujo_comun,translated,,"Missing confirm key.","Falta la clave de confirmación.",includes/login.php:1179
paginas,translated,,"Order History","Historial de pedidos","includes/profile.php:697 pages/invoice.php:396 shortcodes/pmpro_account.php:351"
paginas,translated,,"Account Information","Información de la cuenta","includes/profile.php:1129 pages/billing.php:46 pages/checkout.php:243"
paginas,translated,,"You are logged in as <strong>%s</strong>. If you would like to update your billing information for a different account, <a href=""%s"">log out now</a>.","Has accedido como <strong>%s</strong>. Si quieres actualizar la información de facturación de otra cuenta, <a href=""%s"">sal ahora</a>.",pages/billing.php:58
paginas,translated,,"Next payment on","Próximo pago el","pages/billing.php:82 pages/billing.php:404 shortcodes/pmpro_account.php:197"
paginas,translated,,"Payment Instructions","Instrucciones de pago",pages/billing.php:144
paginas,missing,,"To change your billing information, log in to your payment gateway dashboard or complete checkout again for your current membership level: %s.",,pages/billing.php:160
paginas,translated,,"Address 1","Dirección 1","pages/billing.php:195 pages/checkout.php:397"
paginas,translated,,"Address 2","Dirección 2","pages/billing.php:199 pages/checkout.php:401"
paginas,translated,,City,Ciudad,"pages/billing.php:204 pages/checkout.php:405"
paginas,translated,,State,Provincia,"pages/billing.php:208 pages/checkout.php:409"
paginas,translated,,"Postal Code","Código postal","pages/billing.php:212 pages/checkout.php:413"
paginas,translated,,Country,País,"pages/billing.php:222 pages/checkout.php:420"
paginas,translated,,Phone,Teléfono,"pages/billing.php:248 pages/checkout.php:462"
paginas,translated,,Update,Actualizar,pages/billing.php:354
paginas,translated,,"My Memberships","Mis membresías","pages/billing.php:382 pages/cancel.php:127 shortcodes/pmpro_account.php:149"
paginas,translated,,"Renew %1$s Membership","Renueva %1$s membresía","pages/billing.php:431 shortcodes/pmpro_account.php:240"
paginas,translated,,Renew,Renovar,"pages/billing.php:431 pages/billing.php:570 pages/levels.php:124 shortcodes/pmpro_account.php:240"
paginas,missing,,"Update Billing Information",,pages/billing.php:453
paginas,translated,,"Cancel %1$s Membership","Cancelar %1$s membresías","pages/billing.php:459 shortcodes/pmpro_account.php:285"
paginas,translated,,"You do not have an active membership. <a href='%s'>Choose a membership level.</a>","No tienes una membresía activa. <a href='%s'>Elige un nivel de membresía.</a>",pages/billing.php:507
paginas,missing,,"Previous Memberships",,pages/billing.php:529
paginas,missing,,-,,pages/billing.php:573
paginas,translated,,"Are you sure you want to cancel your %s membership?","¿Seguro que quieres cancelar tu membresía a %s? | ¿Seguro que quieres cancelar tus membresías a %s?",pages/cancel.php:55
paginas,missing,,"Yes, cancel this membership","Sí, cancelar esta membresía | ",pages/cancel.php:56
paginas,missing,,"No, keep this membership","No, mantener esta membresía | ",pages/cancel.php:57
paginas,missing,,"Are you sure you want to cancel your membership?","¿Seguro que quieres cancelar tu membresía? | ",pages/cancel.php:63
paginas,translated,,"Yes, cancel my membership","Sí, cancela mi membresía | Sí, cancela todas mis membresías",pages/cancel.php:64
paginas,translated,,"No, keep my membership","No, mantener mi membresía | No, mantener mis membresías",pages/cancel.php:65
paginas,translated,,"Your subscription will be cancelled. You will not be billed again. Your membership will remain active until %s. ","Tu suscripción será cancelada. No se te facturará de nuevo. Tu membresía seguirá activa hasta %s. ",pages/cancel.php:79
paginas,translated,,"Your membership will be cancelled immediately.","Tu membresía será cancelada de inmediato.",pages/cancel.php:82
paginas,translated,,"Some of the memberships you are cancelling have a recurring subscription. These subscriptions will be cancelled, you will not be billed again, and the associated memberships will remain active through the end of the current payment period.","Algunas de las membresías que estás cancelando tienen una suscripción periódica. Estas suscripciones serán canceladas, no se te facturará de nuevo, y las membresías asociadas permanecerán activas hasta el final del periodo de pago actual.",pages/cancel.php:87
paginas,translated,,"Your memberships will be cancelled immediately.","Tu membresía será cancelada de inmediato.",pages/cancel.php:90
paginas,translated,,"You have the following active memberships.","Tienes las siguientes membresías activas.",pages/cancel.php:129
paginas,translated,,"Cancel All Memberships","Cancelar todas las membresías",pages/cancel.php:167
paginas,translated,,"View the Homepage &rarr;","Ver la página de inicio &rarr;",pages/cancel.php:187
paginas,translated,,"Invalid Level","Nivel no válido",pages/checkout.php:23
paginas,translated,,"Almost done. Review the membership information and pricing below then <strong>click the ""Complete Payment"" button</strong> to finish your order.","Casi has terminado. Revisa la información de la membresía y los precios a continuación y después <strong>haz clic en el botón «Completar pago»</strong> para finalizar tu pedido.",pages/checkout.php:87
paginas,translated,,"Membership Information","Información de membresía",pages/checkout.php:96
paginas,translated,,"You have selected the %s membership level.","Has seleccionado el nivel de membresía %s.",pages/checkout.php:103
paginas,translated,,"Your current membership level of %s will be removed when you complete your purchase.","Tu nivel de membresía actual de %s será eliminado cuando completes tu compra.",pages/checkout.php:127
paginas,translated,,"The %s code has been applied to your order.","Se ha aplicado el código %s a tu pedido.","pages/checkout.php:154 services/applydiscountcode.php:88 services/applydiscountcode.php:133"
paginas,translated,,"Click here to change your discount code","Haz clic aquí para cambiar tu código de descuento","pages/checkout.php:193 services/applydiscountcode.php:123"
paginas,translated,,"Do you have a discount code?","¿Tienes un código de descuento?",pages/checkout.php:195
paginas,translated,,"Click here to enter your discount code","Haz clic aquí para introducir tu código de descuento",pages/checkout.php:195
paginas,translated,,"Email Address","Dirección de correo electrónico","pages/checkout.php:314 pages/checkout.php:447"
paginas,translated,,"Confirm Email Address","Confirmar la dirección de correo electrónico",pages/checkout.php:322
paginas,translated,,"Full Name","Nombre completo",pages/checkout.php:338
paginas,missing,,"Do not fill this field out. Leave this blank.",,pages/checkout.php:339
paginas,translated,,"LEAVE THIS BLANK","DEJA ESTO EN BLANCO",pages/checkout.php:339
paginas,translated,,"You are logged in as <strong>%s</strong>. If you would like to use a different account for this membership, <a href=""%s"">log out now</a>.","Estás conectado como <strong>%s</strong>. Si deseas usar una cuenta diferente para esta membresía, <a href=""%s"">desconecta ahora</a>.",pages/checkout.php:353
paginas,translated,,"Already have an account?","¿Ya tienes una cuenta?",pages/checkout.php:360
paginas,translated,,"Confirm Email","Confirmar el correo electrónico",pages/checkout.php:454
paginas,translated,,"Security Code (CVC)","Código de verificación (CVC)",pages/checkout.php:528
paginas,translated,,"Complete Payment","Completa el pago",pages/checkout.php:590
paginas,translated,,Processing...,Procesando...,pages/checkout.php:617
paginas,translated,,"There was an error retrieving your order. Please contact the site owner.","Se ha producido un error al recuperar tu pedido. Por favor, contacta con el dueño del sitio.",pages/confirmation.php:18
paginas,translated,,"Thank you for your membership to %1$s. Your %2$s membership will be activated once the payment has been completed.","Gracias por tu membresía a %1$s. Tu membresía de %2$s se activará una vez que se haya completado el pago.",pages/confirmation.php:44
paginas,translated,,"Thank you for your membership to %s. Your %s membership is now active.","Gracias por tu membresía en %s. Tu membresía %s ahora está activada.",pages/confirmation.php:46
paginas,translated,,"Below are details about your membership account and a receipt for your initial membership order. A welcome email with a copy of your initial membership order has been sent to %s.","A continuación se encuentran los detalles acerca de tu cuenta de membresía y un recibo de tu pedido inicial de membresía. Se ha enviado un correo electrónico de bienvenida con una copia de tu pedido inicial de membresía a %s.",pages/confirmation.php:61
paginas,translated,,"Below are details about your membership account. A welcome email has been sent to %s.","A continuación se presentan detalles sobre tu cuenta de miembro. Se ha enviado un correo electrónico de bienvenida a %s.",pages/confirmation.php:63
paginas,translated,,"We are waiting for your payment to be completed.","Estamos esperando a que se complete tu pago.",pages/confirmation.php:91
paginas,translated,,"&larr; View All Orders","← Ver todos los pedidos",pages/invoice.php:464
paginas,translated,,"You may select multiple levels from this group.","Puedes seleccionar varios niveles de este grupo.",pages/levels.php:61
paginas,translated,,"You may select only one level from this group.","Puedes seleccionar solo un nivel de este grupo.",pages/levels.php:65
paginas,translated,,"Select the %s membership level","Seleccione el %s de nivel de membresía",pages/levels.php:118
paginas,translated,,Select,Selecciona,"pages/levels.php:118 blocks/build/component-content-visibility/index.js:1 blocks/build/membership/index.js:1 blocks/build/sidebar/index.js:1 blocks/src/component-content-visibility/content-visibility-controls.js:115 blocks/src/sidebar/index.js:125 js/pmpro-divi-5.js:229"
paginas,translated,,"Renew your %s membership level","Renueve tu %s nivel de membresía",pages/levels.php:124
paginas,translated,,"View your %s membership account","Ver tu %s cuenta de membresía",pages/levels.php:128
paginas,translated,,Your&nbsp;Level,Tu&nbsp;nivel,pages/levels.php:128
preheaders,translated,,"Nonce security check failed.","Ha fallado la comprobación de seguridad del nonce.","preheaders/billing.php:117 preheaders/checkout.php:337"
preheaders,translated,,"Please complete all required fields.","Por favor, completa todos los campos obligatorios.","preheaders/billing.php:222 preheaders/checkout.php:395 preheaders/checkout.php:554"
preheaders,translated,,"All good!","¡Todo correcto!",preheaders/billing.php:228
preheaders,translated,,"Information updated. <a href=""%s"">&laquo; back to my account</a>","Información actualizada <a href=""%s"">&laquo; volver a mi cuenta</a>",preheaders/billing.php:268
preheaders,translated,,"Error updating billing information.","Error al actualizar la información de facturación.",preheaders/billing.php:285
preheaders,translated,,"Error: Invalid nonce.","Error: nonce no válido.",preheaders/cancel.php:59
preheaders,translated,,"Your memberships have been cancelled.","Tus membresías han sido canceladas.",preheaders/cancel.php:128
preheaders,translated,,"Your %s membership has been cancelled.","Tu membresía de %s ha sido cancelada.",preheaders/cancel.php:134
preheaders,translated,,"Your recurring subscription has been cancelled. Your active membership will expire on %s.","Se ha cancelado su suscripción recurrente. Tu membresía activa caducará el %s.",preheaders/cancel.php:141
preheaders,translated,,"Invalid gateway.","Pasarela de pago no válida.","preheaders/checkout.php:62 preheaders/checkout.php:562"
preheaders,translated,,"Checkout: Payment Information","Pago: Información de pago",preheaders/checkout.php:97
preheaders,translated,,"Set Up Your Account","Configura tu cuenta",preheaders/checkout.php:102
preheaders,translated,,"There are JavaScript errors on the page. Please contact the webmaster.","Hay errores de JavaScript en la página. Por favor, contacta con el webmaster.",preheaders/checkout.php:343
preheaders,translated,,"Are you a spammer?","¿Eres un spammer?","preheaders/checkout.php:348 preheaders/checkout.php:565"
preheaders,translated,,"Checkout checks failed.","Han fallado las comprobaciones del pago.","preheaders/checkout.php:366 preheaders/checkout.php:450"
preheaders,translated,,"Your passwords do not match. Please try again.","Tus contraseñas no coinciden. Por favor, inténtalo de nuevo.",preheaders/checkout.php:398
preheaders,translated,,"Your email addresses do not match. Please try again.","Tus direcciones de correo electrónico no coinciden. Por favor, inténtalo de nuevo.",preheaders/checkout.php:403
preheaders,translated,,"The email address entered is in an invalid format. Please try again.","La dirección de correo electrónico introducida está en un formato no válido. Por favor, inténtalo de nuevo.","preheaders/checkout.php:408 preheaders/checkout.php:557"
preheaders,translated,,"That username is already taken. Please try another.","Ese nombre de usuario ya está en uso. Por favor, prueba uno diferente.",preheaders/checkout.php:414
preheaders,translated,,"That email address is already in use. Please log in, or use a different email address.","Esta dirección de correo ya está en uso. Por favor, accede o usa una dirección diferente.",preheaders/checkout.php:420
preheaders,translated,,"User creation checks failed.","Ha fallado la comprobación de creación de usuarios.",preheaders/checkout.php:467
preheaders,translated,,"There was an error setting up your account. Please contact us.","Se ha producido un error al configurar tu cuenta. Ponte en contacto con nosotros.",preheaders/checkout.php:508
preheaders,translated,,"Order creation checks failed.","Han fallado las comprobaciones de creación de pedidos.",preheaders/checkout.php:582
preheaders,translated,,"Payment accepted.","Pago aceptado.",preheaders/checkout.php:631
preheaders,translated,,"Unknown error generating account. Please contact us to set up your membership.","Error desconocido al generar la cuenta. Por favor, contáctanos para que podamos configurar tu membresía.",preheaders/checkout.php:649
preheaders,translated,,"IMPORTANT: Something went wrong while processing your checkout. Your credit card authorized, but we cancelled the order immediately. You should not try to submit this form again. Please contact the site owner to fix this issue.","IMPORTANTE: Algo salió mal mientras se procesaba tu pago. Tu tarjeta de crédito fue autorizada, pero cancelamos el pedido inmediatamente. No deberías intentar enviar este formulario de nuevo. Por favor, contacta con el propietario del sitio para corregir este problema.",preheaders/checkout.php:691
preheaders,translated,,"IMPORTANT: Something went wrong while processing your checkout. Your credit card was charged, but we couldn't assign your membership. You should not submit this form again. Please contact the site owner to fix this issue.","IMPORTANTE: Algo ha ido mal al procesar tu pago. Se realizó el cargo en tu tarjeta de crédito, pero no pudimos asignar tu membresía. No debes volver a enviar este formulario. Ponte en contacto con el propietario del sitio para solucionar este problema.",preheaders/checkout.php:694
preheaders,translated,,"You must <a href=""%s"">set up a Payment Gateway</a> before any payments will be processed.","Tienes que <a href=""%s"">configurar una pasarela de pago</a> antes de poder procesar pagos.",preheaders/checkout.php:702
preheaders,translated,,"A Payment Gateway must be set up before any payments will be processed.","Se tiene que configurar una pasarela de pago antes de que se procese cualquier pago.",preheaders/checkout.php:704
